Postal code,Place,Bad isolated parts of the house,Date,Amount of money,Measures,Do-it-yourself?,Ventilation measure?,buurt-naam,Disctrict CBS
8012DW,Zwolle,Dak Gevel Ramen Vloer Zolder,10/01/2025,2600,Vloerisolatie (meer dan 20 m2),Nee,Nee,Nieuw-Assendorp,Assendorp
8043PD,Zwolle,Dak Gevel Vloer Zolder,20/07/2024,2000,Vloerisolatie (meer dan 20 m2),Nee,Nee,Frankhuis,Stadshagen
8021DR,Zwolle,Ramen Zolder,15/08/2024,2000,Dakisolatie binnenzijde (meer dan 20 m2),Ja,Nee,Het Noorden,Diezerpoort
8033EE,Zwolle,Ramen Vloer,22/08/2024,2000,Glasisolatie/kozijnpaneel- of deurisolatie (meer dan 8 m2),Nee,Nee,Aa-landen-Oost,Aa-landen
8012AD,Zwolle,Dak Gevel Ramen Vloer Zolder,02/12/2024,2000,Vloerisolatie (meer dan 20 m2),Nee,Nee,Oud-Assendorp,Assendorp
8012WL,Zwolle,Gevel Vloer Zolder,11/12/2024,2000,Vloerisolatie (meer dan 20 m2),Nee,Nee,Oud-Assendorp,Assendorp
8021DL,Zwolle,Dak Gevel Vloer Zolder,11/12/2024,2000,Dakisolatie binnenzijde (meer dan 20 m2),Nee,Nee,Het Noorden,Diezerpoort
8012DA,Zwolle,Dak Gevel Ramen Zolder,17/12/2024,2000,Vloerisolatie (meer dan 20 m2),Nee,Nee,Nieuw-Assendorp,Assendorp
8012DA,Zwolle,Dak Gevel Vloer Zolder,19/12/2024,2000,Vloerisolatie (meer dan 20 m2),Nee,Nee,Nieuw-Assendorp,Assendorp
8021WR,Zwolle,Gevel Ramen Vloer Zolder,22/12/2024,2000,Spouwmuurisolatie (meer dan 10 m2) Vloerisolatie (meer dan 20 m2),Nee,Nee,Schildersbuurt,Diezerpoort
8012BA,Zwolle,Dak Gevel Ramen Vloer Zolder,28/12/2024,2000,Dakisolatie binnenzijde (meer dan 20 m2) Vloerisolatie (meer dan 20 m2),Nee,Nee,Oud-Assendorp,Assendorp
8014AW,Zwolle,Dak Gevel Ramen Vloer Zolder,30/12/2024,2000,Glasisolatie/kozijnpaneel- of deurisolatie (meer dan 8 m2),Nee,Nee,Oud-Ittersum,Ittersum
8033AX,Zwolle,Gevel Vloer Zolder,30/12/2024,2000,Spouwmuurisolatie (meer dan 10 m2) Vloerisolatie (meer dan 20 m2),Nee,Nee,Aa-landen-Oost,Aa-landen
8014ZG,Zwolle,Ramen,15/01/2025,2000,Glasisolatie/kozijnpaneel- of deurisolatie (meer dan 8 m2),Nee,Nee,Oud-Ittersum,Ittersum
8021ER,Zwolle,Dak Gevel Vloer,31/01/2024,1300,Bodemisolatie (meer dan 20 m2) Spouwmuurisolatie (meer dan 10 m2),Nee,Nee,Het Noorden,Diezerpoort
8022AX,Zwolle,Gevel Ramen Vloer,31/01/2024,1300,Spouwmuurisolatie (meer dan 10 m2) Vloerisolatie (meer dan 20 m2),Nee,Nee,Hogenkamp,Diezerpoort
8012WR,Zwolle,Dak Gevel Ramen Zolder,09/02/2024,1300,Glasisolatie/kozijnpaneel- of deurisolatie (meer dan 8 m2),Nee,Nee,Nieuw-Assendorp,Assendorp
8032TS,Zwolle,Dak Ramen Vloer Zolder,09/02/2024,1300,Bodemisolatie (meer dan 20 m2),Nee,Nee,Aa-landen-Noord,Aa-landen
8021VX,Zwolle,Dak Gevel Ramen Vloer Zolder,13/02/2024,1300,Bodemisolatie (meer dan 20 m2) Spouwmuurisolatie (meer dan 10 m2),Nee,Nee,Bollebieste,Diezerpoort
8012VM,Zwolle,Dak Gevel,13/02/2024,1300,Glasisolatie/kozijnpaneel- of deurisolatie (meer dan 8 m2),Nee,Nee,Oud-Assendorp,Assendorp
8021XD,Zwolle,Ramen,14/02/2024,1300,Spouwmuurisolatie (meer dan 10 m2),Nee,Nee,Bollebieste,Diezerpoort
8032ZM,Zwolle,Dak Ramen Vloer Zolder,19/02/2024,1300,Vloerisolatie (meer dan 20 m2),Nee,Nee,Aa-landen-Noord,Aa-landen
8014LE,Zwolle,Dak Gevel Vloer Zolder,21/02/2024,1300,Vloerisolatie (meer dan 20 m2),Nee,Nee,Gerenbroek,Ittersum
8033CK,Zwolle,Dak Gevel Ramen Zolder,25/02/2024,1300,Vloerisolatie (meer dan 20 m2),Nee,Nee,Aa-landen-Oost,Aa-landen
8014SB,Zwolle,Dak Gevel Ramen Vloer Zolder,01/03/2024,1300,Vloerisolatie (meer dan 20 m2),Nee,Nee,Ittersumerlanden,Ittersum
8012WE,Zwolle,Gevel Ramen Vloer Zolder,02/03/2024,1300,Glasisolatie/kozijnpaneel- of deurisolatie (meer dan 8 m2),Nee,Nee,Oud-Assendorp,Assendorp
8021ER,Zwolle,Dak Ramen Vloer Zolder,17/03/2024,1300,Bodemisolatie (meer dan 20 m2) Dakisolatie binnenzijde (meer dan 20 m2),Nee,Nee,Het Noorden,Diezerpoort
8021XD,Zwolle,Dak Gevel Vloer Zolder,18/03/2024,1300,Bodemisolatie (meer dan 20 m2) Spouwmuurisolatie (meer dan 10 m2),Nee,Nee,Bollebieste,Diezerpoort
8014DH,Zwolle,Dak Gevel Vloer,21/03/2024,1300,Vloerisolatie (meer dan 20 m2),Nee,Nee,Gerenlanden,Ittersum
8031KL,Zwolle,Dak Gevel Ramen,25/03/2024,1300,Bodemisolatie (meer dan 20 m2),Nee,Nee,Holtenbroek III,Holtenbroek
8014RX,Zwolle,Dak Gevel Ramen Vloer Zolder,27/03/2024,1300,Vloerisolatie (meer dan 20 m2),Nee,Nee,Ittersumerlanden,Ittersum
8012WL,Zwolle,Dak Gevel Ramen Zolder,29/03/2024,1300,Glasisolatie/kozijnpaneel- of deurisolatie (meer dan 8 m2),Nee,Nee,Oud-Assendorp,Assendorp
8033BE,Zwolle,Dak,01/04/2024,1300,Vloerisolatie (meer dan 20 m2),Nee,Nee,Aa-landen-Oost,Aa-landen
8012VZ,Zwolle,Dak Gevel Ramen Vloer Zolder,02/04/2024,1300,Vloerisolatie (meer dan 20 m2),Nee,Nee,Oud-Assendorp,Assendorp
8012XE,Zwolle,Dak Gevel Ramen Vloer Zolder,02/04/2024,1300,Glasisolatie/kozijnpaneel- of deurisolatie (meer dan 8 m2) Vloerisolatie (meer dan 20 m2),Nee,Nee,Nieuw-Assendorp,Assendorp
8033BS,Zwolle,Dak Gevel Vloer Zolder,03/04/2024,1300,Vloerisolatie (meer dan 20 m2),Nee,Nee,Aa-landen-Oost,Aa-landen
8012CX,Zwolle,Dak Gevel Ramen Vloer Zolder,03/04/2024,1300,Dakisolatie binnenzijde (meer dan 20 m2) Vloerisolatie (meer dan 20 m2),Nee,Nee,Nieuw-Assendorp,Assendorp
8012DT,Zwolle,Gevel Ramen Vloer Zolder,08/04/2024,1300,Glasisolatie/kozijnpaneel- of deurisolatie (meer dan 8 m2),Nee,Nee,Oud-Assendorp,Assendorp
8014MK,Zwolle,Dak Ramen Zolder,10/04/2024,1300,Glasisolatie/kozijnpaneel- of deurisolatie (meer dan 8 m2),Nee,Nee,Gerenbroek,Ittersum
8014MK,Zwolle,Dak Gevel Ramen Vloer Zolder,12/04/2024,1300,Bodemisolatie (meer dan 20 m2),Nee,Nee,Gerenbroek,Ittersum
8032TD,Zwolle,Dak Gevel Vloer Zolder,14/04/2024,1300,Bodemisolatie (meer dan 20 m2),Nee,Nee,Aa-landen-Noord,Aa-landen
8016DC,Zwolle,Dak Gevel Ramen Vloer Zolder,24/04/2024,1300,Vloerisolatie (meer dan 20 m2),Nee,Nee,Oldenelerlanden-Oost,Schelle
8021ER,Zwolle,Dak Zolder,26/04/2024,1300,Bodemisolatie (meer dan 20 m2) Spouwmuurisolatie (meer dan 10 m2) Zolder- of vlieringvloerisolatie (meer dan 20 m2),Nee,Nee,Het Noorden,Diezerpoort
8013TP,Zwolle,Gevel Ramen Vloer Zolder,01/05/2024,1300,Glasisolatie/kozijnpaneel- of deurisolatie (meer dan 8 m2),Nee,Nee,Pierik,Assendorp
8032CW,Zwolle,Gevel Vloer Zolder,02/05/2024,1300,Bodemisolatie (meer dan 20 m2) Vloerisolatie (meer dan 20 m2),Nee,Nee,Aa-landen-Zuid,Aa-landen
8021DC,Zwolle,Dak Gevel Ramen Vloer,04/05/2024,1300,Vloerisolatie (meer dan 20 m2),Nee,Nee,Het Noorden,Diezerpoort
8021AV,Zwolle,Dak Gevel Ramen Vloer Zolder,04/05/2024,1300,Glasisolatie/kozijnpaneel- of deurisolatie (meer dan 8 m2),Nee,Nee,Bagijneweide,Diezerpoort
8012XB,Zwolle,Dak Gevel Ramen Zolder,18/05/2024,1300,Glasisolatie/kozijnpaneel- of deurisolatie (meer dan 8 m2),Nee,Nee,Oud-Assendorp,Assendorp
8013AE,Zwolle,Dak Gevel Ramen Vloer Zolder,19/05/2024,1300,Glasisolatie/kozijnpaneel- of deurisolatie (meer dan 8 m2),Nee,Nee,Pierik,Assendorp
8012TA,Zwolle,Dak Gevel Ramen Vloer Zolder,18/06/2024,1300,Glasisolatie/kozijnpaneel- of deurisolatie (meer dan 8 m2),Nee,Nee,Oud-Assendorp,Assendorp
8012DA,Zwolle,Dak Gevel Vloer Zolder,08/07/2024,1300,Vloerisolatie (meer dan 20 m2),Nee,Nee,Nieuw-Assendorp,Assendorp
8014GG,Zwolle,Dak Gevel Vloer Zolder,09/07/2024,1300,Vloerisolatie (meer dan 20 m2),Nee,Nee,Gerenlanden,Ittersum
8033CJ,Zwolle,Dak Gevel Ramen Vloer Zolder,10/07/2024,1300,Glasisolatie/kozijnpaneel- of deurisolatie (meer dan 8 m2),Nee,Nee,Aa-landen-Oost,Aa-landen
8032LB,Zwolle,Dak Gevel Ramen Vloer Zolder,11/07/2024,1300,Bodemisolatie (meer dan 20 m2) Glasisolatie/kozijnpaneel- of deurisolatie (meer dan 8 m2),Nee,Nee,Aa-landen-Noord,Aa-landen
8031KR,Zwolle,Dak Vloer Zolder,16/07/2024,1300,Bodemisolatie (meer dan 20 m2) Dakisolatie binnenzijde (meer dan 20 m2),Nee,Nee,Holtenbroek III,Holtenbroek
8021DP,Zwolle,Dak Gevel Ramen Vloer Zolder,02/09/2024,1300,Vloerisolatie (meer dan 20 m2),Nee,Nee,Het Noorden,Diezerpoort
8012WN,Zwolle,Dak Gevel Ramen Vloer Zolder,03/09/2024,1300,Glasisolatie/kozijnpaneel- of deurisolatie (meer dan 8 m2),Nee,Nee,Oud-Assendorp,Assendorp
8014ZD,Zwolle,Dak Gevel Vloer Zolder,09/09/2024,1300,Vloerisolatie (meer dan 20 m2),Nee,Nee,Oud-Ittersum,Ittersum
8022AX,Zwolle,Gevel Vloer,17/09/2024,1300,Spouwmuurisolatie (meer dan 10 m2) Vloerisolatie (meer dan 20 m2),Nee,Nee,Hogenkamp,Diezerpoort
8021ER,Zwolle,Dak Gevel Vloer Zolder,19/09/2024,1300,Bodemisolatie (meer dan 20 m2),Nee,Ja,Het Noorden,Diezerpoort
8014PP,Zwolle,Dak Gevel Ramen Vloer Zolder,22/09/2024,1300,Vloerisolatie (meer dan 20 m2),Nee,Nee,Ittersumerlanden,Ittersum
8031KL,Zwolle,Dak Gevel Ramen Vloer Zolder,27/09/2024,1300,Glasisolatie/kozijnpaneel- of deurisolatie (meer dan 8 m2),Nee,Nee,Holtenbroek III,Holtenbroek
8012VS,Zwolle,Dak Gevel Ramen Vloer Zolder,02/10/2024,1300,Vloerisolatie (meer dan 20 m2),Nee,Nee,Oud-Assendorp,Assendorp
8021DL,Zwolle,Dak Gevel Ramen Vloer Zolder,21/10/2024,1300,Dakisolatie binnenzijde (meer dan 20 m2) Vloerisolatie (meer dan 20 m2),Nee,Nee,Het Noorden,Diezerpoort
8021WS,Zwolle,Gevel Ramen Vloer Zolder,19/11/2024,1300,Glasisolatie/kozijnpaneel- of deurisolatie (meer dan 8 m2),Nee,Nee,Bollebieste,Diezerpoort
8021BX,Zwolle,Ramen,20/11/2024,1300,Vloerisolatie (meer dan 20 m2),Nee,Nee,Dieze-Centrum,Diezerpoort
8032MP,Zwolle,Dak Gevel Ramen Vloer Zolder,30/11/2024,1300,Bodemisolatie (meer dan 20 m2),Nee,Nee,Aa-landen-Noord,Aa-landen
8012VS,Zwolle,,02/12/2024,1300,Vloerisolatie (meer dan 20 m2),Nee,Nee,Oud-Assendorp,Assendorp
8012TG,Zwolle,Dak Gevel Ramen Vloer Zolder,08/12/2024,1300,Glasisolatie/kozijnpaneel- of deurisolatie (meer dan 8 m2),Nee,Nee,Oud-Assendorp,Assendorp
8032BN,Zwolle,Gevel Vloer Zolder,16/12/2024,1300,Gevelisolatie buitenzijde (meer dan 10 m2),Nee,Nee,Aa-landen-Zuid,Aa-landen
8032BN,Zwolle,Ramen Vloer Zolder,16/12/2024,1300,Gevelisolatie buitenzijde (meer dan 10 m2),Nee,Nee,Aa-landen-Zuid,Aa-landen
8012DW,Zwolle,Dak Gevel Ramen Vloer Zolder,18/12/2024,1300,Dakisolatie binnenzijde (meer dan 20 m2) Vloerisolatie (meer dan 20 m2),Nee,Nee,Nieuw-Assendorp,Assendorp
8012EA,Zwolle,Gevel Ramen Zolder,20/01/2025,1300,Glasisolatie/kozijnpaneel- of deurisolatie (meer dan 8 m2),Nee,Nee,Nieuw-Assendorp,Assendorp
8012VR,Zwolle,Dak Gevel Vloer Zolder,13/02/2025,1300,Vloerisolatie (meer dan 20 m2),Nee,Nee,Oud-Assendorp,Assendorp
8012DW,Zwolle,Dak Gevel Ramen Vloer Zolder,13/02/2025,1300,Glasisolatie/kozijnpaneel- of deurisolatie (meer dan 8 m2) Vloerisolatie (meer dan 20 m2),Nee,Nee,Oud-Assendorp,Assendorp
8012DW,Zwolle,Ramen Zolder,19/02/2025,1300,Vloerisolatie (meer dan 20 m2),Nee,Nee,Nieuw-Assendorp,Assendorp
8012CW,Zwolle,Dak Gevel Ramen Vloer Zolder,02/03/2025,1300,Dakisolatie binnenzijde (meer dan 20 m2) Glasisolatie/kozijnpaneel- of deurisolatie (meer dan 8 m2) Vloerisolatie (meer dan 20 m2),Nee,Ja,Nieuw-Assendorp,Assendorp
8042MK,Zwolle,Dak Gevel Ramen Vloer Zolder,09/03/2025,1300,Glasisolatie/kozijnpaneel- of deurisolatie (meer dan 8 m2) Vloerisolatie (meer dan 20 m2),Nee,Nee,Westenholte-Stins,Westenholte
8012VW,Zwolle,Dak Gevel Ramen Vloer Zolder,14/03/2025,1300,Vloerisolatie (meer dan 20 m2),Nee,Nee,Oud-Assendorp,Assendorp
8012DW,Zwolle,Gevel Ramen Vloer Zolder,07/12/2024,1235,Vloerisolatie (meer dan 20 m2),Nee,Nee,Oud-Assendorp,Assendorp
8021BD,Zwolle,Dak Gevel Ramen Vloer Zolder,05/02/2024,1000,Bodemisolatie (meer dan 20 m2),Nee,Nee,Bagijneweide,Diezerpoort
8032BN,Zwolle,Dak Gevel Ramen Vloer Zolder,06/02/2024,1000,Dakisolatie buitenzijde (meer dan 20 m2) Spouwmuurisolatie (meer dan 10 m2),Nee,Nee,Aa-landen-Zuid,Aa-landen
8021XR,Zwolle,Dak Vloer Zolder,06/02/2024,1000,Vloerisolatie (meer dan 20 m2) Zolder- of vlieringvloerisolatie (meer dan 20 m2),Nee,Nee,Bollebieste,Diezerpoort
8014PB,Zwolle,Dak Gevel Vloer Zolder,06/02/2024,1000,Glasisolatie/kozijnpaneel- of deurisolatie (meer dan 8 m2),Nee,Nee,Ittersumerlanden,Ittersum
8042AV,Zwolle,Gevel Ramen Vloer Zolder,07/02/2024,1000,Vloerisolatie (meer dan 20 m2),Nee,Nee,Oud-Westenholte,Westenholte
8032CJ,Zwolle,Dak Gevel Vloer Zolder,08/02/2024,1000,Vloerisolatie (meer dan 20 m2),Nee,Nee,Aa-landen-Zuid,Aa-landen
8012AX,Zwolle,Dak Gevel Ramen Vloer Zolder,08/02/2024,1000,Dakisolatie binnenzijde (meer dan 20 m2) Dakisolatie buitenzijde (meer dan 20 m2) Vloerisolatie (meer dan 20 m2) Zolder- of vlieringvloerisolatie (meer dan 20 m2),Nee,Nee,Oud-Assendorp,Assendorp
8013TE,Zwolle,Dak Gevel Ramen Vloer Zolder,08/02/2024,1000,Dakisolatie buitenzijde (meer dan 20 m2) Gevelisolatie binnenzijde/voorzetwand (meer dan 10 m2) Glasisolatie/kozijnpaneel- of deurisolatie (meer dan 8 m2) Vloerisolatie (meer dan 20 m2),Nee,Ja,Pierik,Assendorp
8031GP,Zwolle,Dak Gevel Ramen Vloer Zolder,08/02/2024,1000,Glasisolatie/kozijnpaneel- of deurisolatie (meer dan 8 m2) Spouwmuurisolatie (meer dan 10 m2),Nee,Nee,Holtenbroek II,Holtenbroek
8012WB,Zwolle,Dak Gevel Ramen Vloer Zolder,09/02/2024,1000,Dakisolatie binnenzijde (meer dan 20 m2),Nee,Nee,Oud-Assendorp,Assendorp
8032MR,Zwolle,Dak Gevel Vloer Zolder,10/02/2024,1000,Dakisolatie binnenzijde (meer dan 20 m2),Ja,Nee,Aa-landen-Noord,Aa-landen
8012XN,Zwolle,Ramen Zolder,12/02/2024,1000,Vloerisolatie (meer dan 20 m2),Nee,Nee,Nieuw-Assendorp,Assendorp
8012WB,Zwolle,Dak Gevel Ramen Vloer Zolder,13/02/2024,1000,Dakisolatie binnenzijde (meer dan 20 m2) Gevelisolatie binnenzijde/voorzetwand (meer dan 10 m2) Zolder- of vlieringvloerisolatie (meer dan 20 m2),Ja,Nee,Oud-Assendorp,Assendorp
8012VN,Zwolle,Gevel Ramen Vloer Zolder,15/02/2024,1000,Glasisolatie/kozijnpaneel- of deurisolatie (meer dan 8 m2),Nee,Nee,Oud-Assendorp,Assendorp
8021XD,Zwolle,Dak Zolder,16/02/2024,1000,Bodemisolatie (meer dan 20 m2) Dakisolatie binnenzijde (meer dan 20 m2) Spouwmuurisolatie (meer dan 10 m2),Nee,Ja,Bollebieste,Diezerpoort
8012XV,Zwolle,Dak Gevel Ramen Vloer Zolder,18/02/2024,1000,Vloerisolatie (meer dan 20 m2),Nee,Nee,Nieuw-Assendorp,Assendorp
8013ZC,Zwolle,Dak Vloer Zolder,18/02/2024,1000,Glasisolatie/kozijnpaneel- of deurisolatie (meer dan 8 m2) Spouwmuurisolatie (meer dan 10 m2),Nee,Nee,Pierik,Assendorp
8012VK,Zwolle,Gevel Ramen Vloer Zolder,19/02/2024,1000,Glasisolatie/kozijnpaneel- of deurisolatie (meer dan 8 m2),Nee,Nee,Oud-Assendorp,Assendorp
8021XL,Zwolle,Dak Gevel Ramen Vloer Zolder,19/02/2024,1000,Dakisolatie binnenzijde (meer dan 20 m2) Spouwmuurisolatie (meer dan 10 m2),Nee,Nee,Bollebieste,Diezerpoort
8023TD,Zwolle,Ramen Vloer Zolder,21/02/2024,1000,Bodemisolatie (meer dan 20 m2),Nee,Nee,Wipstrik-Zuid,Wipstrik
8031JR,Zwolle,Dak Ramen Vloer Zolder,21/02/2024,1000,Spouwmuurisolatie (meer dan 10 m2),Nee,Nee,Holtenbroek II,Holtenbroek
8032TV,Zwolle,Dak Gevel Zolder,22/02/2024,1000,Bodemisolatie (meer dan 20 m2),Nee,Nee,Aa-landen-Noord,Aa-landen
8012WK,Zwolle,Dak Gevel Ramen Vloer Zolder,23/02/2024,1000,Zolder- of vlieringvloerisolatie (meer dan 20 m2),Nee,Nee,Oud-Assendorp,Assendorp
8012VB,Zwolle,Dak Gevel Vloer Zolder,26/02/2024,1000,Glasisolatie/kozijnpaneel- of deurisolatie (meer dan 8 m2),Nee,Nee,Oud-Assendorp,Assendorp
8023VS,Zwolle,Dak Gevel Ramen Vloer,28/02/2024,1000,Vloerisolatie (meer dan 20 m2),Nee,Nee,Wipstrik-Zuid,Wipstrik
8022BC,Zwolle,Dak Gevel Ramen Vloer Zolder,29/02/2024,1000,Bodemisolatie (meer dan 20 m2) Vloerisolatie (meer dan 20 m2),Nee,Nee,Hogenkamp,Diezerpoort
8012WL,Zwolle,Dak Gevel Ramen Vloer Zolder,02/03/2024,1000,Vloerisolatie (meer dan 20 m2),Nee,Nee,Oud-Assendorp,Assendorp
8022PA,Zwolle,Dak Gevel Vloer Zolder,02/03/2024,1000,Spouwmuurisolatie (meer dan 10 m2) Vloerisolatie (meer dan 20 m2),Nee,Nee,Indischebuurt,Diezerpoort
8019XM,Zwolle,Dak Gevel Ramen Vloer Zolder,05/03/2024,1000,Dakisolatie binnenzijde (meer dan 20 m2),Ja,Nee,Veerallee,Kamperpoort-Veerallee
8012XP,Zwolle,Ramen Vloer Zolder,05/03/2024,1000,Glasisolatie/kozijnpaneel- of deurisolatie (meer dan 8 m2),Nee,Nee,Nieuw-Assendorp,Assendorp
8014JL,Zwolle,Dak Gevel Vloer,07/03/2024,1000,Vloerisolatie (meer dan 20 m2),Nee,Nee,Gerenbroek,Ittersum
8012XK,Zwolle,Dak Ramen Vloer Zolder,09/03/2024,1000,Spouwmuurisolatie (meer dan 10 m2),Nee,Nee,Nieuw-Assendorp,Assendorp
8022PN,Zwolle,Dak Gevel Ramen Vloer Zolder,10/03/2024,1000,Dakisolatie binnenzijde (meer dan 20 m2) Spouwmuurisolatie (meer dan 10 m2) Vloerisolatie (meer dan 20 m2),Nee,Nee,Indischebuurt,Diezerpoort
8022PR,Zwolle,Dak Gevel Ramen Vloer Zolder,11/03/2024,1000,Bodemisolatie (meer dan 20 m2) Vloerisolatie (meer dan 20 m2),Nee,Nee,Indischebuurt,Diezerpoort
8012XK,Zwolle,Dak Gevel Ramen Vloer Zolder,12/03/2024,1000,Spouwmuurisolatie (meer dan 10 m2) Vloerisolatie (meer dan 20 m2),Nee,Nee,Nieuw-Assendorp,Assendorp
8012VB,Zwolle,Dak Gevel Ramen Vloer Zolder,12/03/2024,1000,Glasisolatie/kozijnpaneel- of deurisolatie (meer dan 8 m2),Nee,Nee,Oud-Assendorp,Assendorp
8012VM,Zwolle,Dak Gevel Ramen Vloer Zolder,12/03/2024,1000,Vloerisolatie (meer dan 20 m2),Nee,Nee,Oud-Assendorp,Assendorp
8021ER,Zwolle,Dak Gevel Ramen Vloer,13/03/2024,1000,Spouwmuurisolatie (meer dan 10 m2),Nee,Nee,Het Noorden,Diezerpoort
8021BX,Zwolle,Dak Gevel Ramen,14/03/2024,1000,Glasisolatie/kozijnpaneel- of deurisolatie (meer dan 8 m2),Nee,Nee,Dieze-Centrum,Diezerpoort
8032CH,Zwolle,Gevel Ramen Vloer Zolder,14/03/2024,1000,Vloerisolatie (meer dan 20 m2),Nee,Nee,Aa-landen-Zuid,Aa-landen
8021XD,Zwolle,Gevel Vloer,15/03/2024,1000,Dakisolatie binnenzijde (meer dan 20 m2) Gevelisolatie binnenzijde/voorzetwand (meer dan 10 m2),Ja,Nee,Bollebieste,Diezerpoort
8023AE,Zwolle,Dak Gevel Ramen Vloer Zolder,15/03/2024,1000,Glasisolatie/kozijnpaneel- of deurisolatie (meer dan 8 m2),Nee,Nee,Wipstrik-Noord,Wipstrik
8042HL,Zwolle,Dak Gevel Ramen Vloer,16/03/2024,1000,Vloerisolatie (meer dan 20 m2),Nee,Nee,Westenholte-Stins,Westenholte
8011BB,Zwolle,Zolder,18/03/2024,1000,Gevelisolatie binnenzijde/voorzetwand (meer dan 10 m2),Nee,Nee,Kamperpoort,Kamperpoort-Veerallee
8017AR,Zwolle,Dak Gevel Ramen Vloer,18/03/2024,1000,Glasisolatie/kozijnpaneel- of deurisolatie (meer dan 8 m2),Nee,Nee,Oud-Schelle,Schelle
8042GM,Zwolle,Dak Gevel Ramen Zolder,20/03/2024,1000,Spouwmuurisolatie (meer dan 10 m2),Nee,Nee,Westenholte-Stins,Westenholte
8031JP,Zwolle,Gevel Vloer Zolder,27/03/2024,1000,Spouwmuurisolatie (meer dan 10 m2),Nee,Nee,Holtenbroek II,Holtenbroek
8026PL,Zwolle,Dak Zolder,30/03/2024,1000,Vloerisolatie (meer dan 20 m2),Nee,Nee,Wijthmen,Marsweteringlanden
8013TB,Zwolle,Dak Gevel Vloer Zolder,02/04/2024,1000,Dakisolatie buitenzijde (meer dan 20 m2),Nee,Nee,Pierik,Assendorp
8016BL,Zwolle,Dak Ramen Vloer Zolder,12/04/2024,1000,Glasisolatie/kozijnpaneel- of deurisolatie (meer dan 8 m2),Nee,Nee,Oldenelerbroek,Schelle
8042CS,Zwolle,Gevel Vloer,14/04/2024,1000,Vloerisolatie (meer dan 20 m2),Nee,Nee,Oud-Westenholte,Westenholte
8013SX,Zwolle,Dak Gevel Ramen Vloer Zolder,15/04/2024,1000,Glasisolatie/kozijnpaneel- of deurisolatie (meer dan 8 m2) Vloerisolatie (meer dan 20 m2),Nee,Nee,Pierik,Assendorp
8023TW,Zwolle,Dak Ramen Vloer Zolder,15/04/2024,1000,Glasisolatie/kozijnpaneel- of deurisolatie (meer dan 8 m2),Nee,Nee,Wipstrik-Zuid,Wipstrik
8031JN,Zwolle,Gevel Ramen Zolder,18/04/2024,1000,Glasisolatie/kozijnpaneel- of deurisolatie (meer dan 8 m2),Nee,Nee,Holtenbroek II,Holtenbroek
8011JT,Zwolle,Dak Gevel Ramen Zolder,19/04/2024,1000,Glasisolatie/kozijnpaneel- of deurisolatie (meer dan 8 m2),Nee,Nee,Oud-Assendorp,Assendorp
8014AN,Zwolle,Dak Gevel Ramen Vloer Zolder,19/04/2024,1000,Glasisolatie/kozijnpaneel- of deurisolatie (meer dan 8 m2),Nee,Nee,Oud-Ittersum,Ittersum
8022RB,Zwolle,Dak Gevel Ramen Vloer Zolder,22/04/2024,1000,Dakisolatie buitenzijde (meer dan 20 m2),Nee,Nee,Indischebuurt,Diezerpoort
8012XK,Zwolle,Dak Gevel Vloer Zolder,23/04/2024,1000,Spouwmuurisolatie (meer dan 10 m2) Vloerisolatie (meer dan 20 m2),Nee,Nee,Nieuw-Assendorp,Assendorp
8023VL,Zwolle,Dak Gevel Ramen Vloer Zolder,26/04/2024,1000,Dakisolatie binnenzijde (meer dan 20 m2) Vloerisolatie (meer dan 20 m2),Nee,Nee,Wipstrik-Zuid,Wipstrik
8012TN,Zwolle,Gevel Ramen,27/04/2024,1000,Glasisolatie/kozijnpaneel- of deurisolatie (meer dan 8 m2),Nee,Ja,Oud-Assendorp,Assendorp
8031JH,Zwolle,Dak Gevel Ramen Vloer Zolder,01/05/2024,1000,Spouwmuurisolatie (meer dan 10 m2),Nee,Nee,Holtenbroek II,Holtenbroek
8031JH,Zwolle,Gevel Ramen Vloer,01/05/2024,1000,Spouwmuurisolatie (meer dan 10 m2),Nee,Nee,Holtenbroek II,Holtenbroek
8031JH,Zwolle,Dak Gevel Ramen Vloer,01/05/2024,1000,Spouwmuurisolatie (meer dan 10 m2),Nee,Nee,Holtenbroek II,Holtenbroek
8021DP,Zwolle,Dak Gevel Ramen Vloer Zolder,06/05/2024,1000,Bodemisolatie (meer dan 20 m2) Dakisolatie binnenzijde (meer dan 20 m2),Nee,Nee,Het Noorden,Diezerpoort
8012VZ,Zwolle,Dak Gevel Ramen Zolder,07/05/2024,1000,Glasisolatie/kozijnpaneel- of deurisolatie (meer dan 8 m2),Nee,Nee,Oud-Assendorp,Assendorp
8012CR,Zwolle,Dak Gevel Ramen Zolder,11/05/2024,1000,Gevelisolatie binnenzijde/voorzetwand (meer dan 10 m2) Zolder- of vlieringvloerisolatie (meer dan 20 m2),Nee,Nee,Nieuw-Assendorp,Assendorp
8022RA,Zwolle,Dak Gevel Ramen Vloer Zolder,15/05/2024,1000,Dakisolatie buitenzijde (meer dan 20 m2),Nee,Nee,Indischebuurt,Diezerpoort
8012DX,Zwolle,Dak Gevel Ramen Vloer Zolder,15/05/2024,1000,Glasisolatie/kozijnpaneel- of deurisolatie (meer dan 8 m2),Nee,Nee,Nieuw-Assendorp,Assendorp
8033DH,Zwolle,Dak Gevel Ramen Zolder,20/05/2024,1000,Vloerisolatie (meer dan 20 m2),Nee,Nee,Aa-landen-Oost,Aa-landen
8012VK,Zwolle,Dak Gevel Ramen Vloer Zolder,03/06/2024,1000,Glasisolatie/kozijnpaneel- of deurisolatie (meer dan 8 m2),Nee,Nee,Oud-Assendorp,Assendorp
8023TV,Zwolle,Gevel Ramen Vloer,03/06/2024,1000,Bodemisolatie (meer dan 20 m2) Vloerisolatie (meer dan 20 m2),Nee,Nee,Wipstrik-Zuid,Wipstrik
8014LG,Zwolle,Dak Gevel Vloer Zolder,05/06/2024,1000,Dakisolatie binnenzijde (meer dan 20 m2),Nee,Nee,Gerenbroek,Ittersum
8014PN,Zwolle,Dak Gevel Ramen Zolder,08/06/2024,1000,Glasisolatie/kozijnpaneel- of deurisolatie (meer dan 8 m2),Nee,Nee,Ittersumerlanden,Ittersum
8014CE,Zwolle,Dak Gevel Ramen Vloer Zolder,14/06/2024,1000,Glasisolatie/kozijnpaneel- of deurisolatie (meer dan 8 m2),Nee,Ja,Gerenlanden,Ittersum
8042HX,Zwolle,Dak,26/06/2024,1000,Glasisolatie/kozijnpaneel- of deurisolatie (meer dan 8 m2),Nee,Nee,Westenholte-Stins,Westenholte
8012VP,Zwolle,Dak Gevel Ramen Zolder,27/06/2024,1000,Vloerisolatie (meer dan 20 m2),Nee,Nee,Oud-Assendorp,Assendorp
8033BM,Zwolle,Dak Gevel Zolder,28/06/2024,1000,Glasisolatie/kozijnpaneel- of deurisolatie (meer dan 8 m2),Nee,Nee,Aa-landen-Oost,Aa-landen
8016AW,Zwolle,Dak Gevel Ramen Vloer,06/07/2024,1000,Bodemisolatie (meer dan 20 m2) Glasisolatie/kozijnpaneel- of deurisolatie (meer dan 8 m2) Spouwmuurisolatie (meer dan 10 m2) Vloerisolatie (meer dan 20 m2),Nee,Nee,Oldenelerlanden-Oost,Schelle
8021VX,Zwolle,Dak Vloer,07/07/2024,1000,Vloerisolatie (meer dan 20 m2),Nee,Nee,Bollebieste,Diezerpoort
8042HS,Zwolle,Dak Gevel Ramen Vloer Zolder,08/07/2024,1000,Glasisolatie/kozijnpaneel- of deurisolatie (meer dan 8 m2) Vloerisolatie (meer dan 20 m2),Nee,Nee,Westenholte-Stins,Westenholte
8013TE,Zwolle,Dak Gevel Ramen Zolder,08/07/2024,1000,Glasisolatie/kozijnpaneel- of deurisolatie (meer dan 8 m2),Nee,Nee,Pierik,Assendorp
8026PL,Zwolle,Dak Gevel Zolder,10/07/2024,1000,Spouwmuurisolatie (meer dan 10 m2),Nee,Nee,Wijthmen,Marsweteringlanden
8013TE,Zwolle,Dak Gevel Ramen Vloer,11/07/2024,1000,Glasisolatie/kozijnpaneel- of deurisolatie (meer dan 8 m2),Nee,Nee,Pierik,Assendorp
8023TT,Zwolle,Gevel Vloer,14/07/2024,1000,Glasisolatie/kozijnpaneel- of deurisolatie (meer dan 8 m2),Nee,Nee,Wipstrik-Zuid,Wipstrik
8032AA,Zwolle,Gevel Ramen Vloer,14/07/2024,1000,Glasisolatie/kozijnpaneel- of deurisolatie (meer dan 8 m2),Nee,Nee,Aa-landen-Zuid,Aa-landen
8012WC,Zwolle,Gevel Ramen Vloer Zolder,18/07/2024,1000,Vloerisolatie (meer dan 20 m2),Nee,Nee,Oud-Assendorp,Assendorp
8022PA,Zwolle,Dak Gevel Ramen Zolder,18/07/2024,1000,Vloerisolatie (meer dan 20 m2),Nee,Nee,Indischebuurt,Diezerpoort
8021DL,Zwolle,Gevel Ramen Vloer,24/07/2024,1000,Vloerisolatie (meer dan 20 m2),Nee,Nee,Het Noorden,Diezerpoort
8012TT,Zwolle,Dak Gevel Vloer Zolder,25/07/2024,1000,Dakisolatie buitenzijde (meer dan 20 m2),Nee,Nee,Oud-Assendorp,Assendorp
8032EB,Zwolle,Dak Gevel Ramen Vloer Zolder,25/07/2024,1000,Dakisolatie binnenzijde (meer dan 20 m2) Gevelisolatie buitenzijde (meer dan 10 m2) Vloerisolatie (meer dan 20 m2),Nee,Nee,Aa-landen-Midden,Aa-landen
8012VX,Zwolle,Dak Gevel Ramen Vloer Zolder,25/07/2024,1000,Dakisolatie buitenzijde (meer dan 20 m2),Nee,Nee,Oud-Assendorp,Assendorp
8022EB,Zwolle,Dak Gevel Ramen Vloer Zolder,12/08/2024,1000,Dakisolatie buitenzijde (meer dan 20 m2),Nee,Nee,Hogenkamp,Diezerpoort
8012AC,Zwolle,Dak Gevel Ramen Vloer Zolder,25/08/2024,1000,Bodemisolatie (meer dan 20 m2) Gevelisolatie binnenzijde/voorzetwand (meer dan 10 m2) Glasisolatie/kozijnpaneel- of deurisolatie (meer dan 8 m2) Vloerisolatie (meer dan 20 m2),Nee,Nee,Oud-Assendorp,Assendorp
8042MH,Zwolle,Dak Zolder,02/09/2024,1000,Glasisolatie/kozijnpaneel- of deurisolatie (meer dan 8 m2),Nee,Nee,Westenholte-Stins,Westenholte
8014TV,Zwolle,Dak Ramen Zolder,02/09/2024,1000,Glasisolatie/kozijnpaneel- of deurisolatie (meer dan 8 m2),Nee,Nee,Ittersumerlanden,Ittersum
8012VC,Zwolle,Dak Gevel Ramen Vloer Zolder,04/09/2024,1000,Glasisolatie/kozijnpaneel- of deurisolatie (meer dan 8 m2) Zolder- of vlieringvloerisolatie (meer dan 20 m2),Nee,Nee,Oud-Assendorp,Assendorp
8013TA,Zwolle,Dak Gevel Ramen Vloer Zolder,06/09/2024,1000,Dakisolatie binnenzijde (meer dan 20 m2),Ja,Nee,Pierik,Assendorp
8014JL,Zwolle,Dak Gevel Vloer Zolder,11/09/2024,1000,Dakisolatie buitenzijde (meer dan 20 m2),Ja,Nee,Gerenbroek,Ittersum
8012XE,Zwolle,Dak Gevel Ramen Vloer Zolder,17/09/2024,1000,Glasisolatie/kozijnpaneel- of deurisolatie (meer dan 8 m2),Nee,Nee,Nieuw-Assendorp,Assendorp
8014LG,Zwolle,Dak Gevel Ramen Zolder,17/09/2024,1000,Glasisolatie/kozijnpaneel- of deurisolatie (meer dan 8 m2),Nee,Nee,Gerenbroek,Ittersum
8014WL,Zwolle,Dak Gevel Zolder,18/09/2024,1000,Dakisolatie binnenzijde (meer dan 20 m2),Nee,Nee,Ittersumerlanden,Ittersum
8012XG,Zwolle,Dak Gevel Zolder,23/09/2024,1000,Vloerisolatie (meer dan 20 m2),Nee,Nee,Nieuw-Assendorp,Assendorp
8017NC,Zwolle,Gevel,23/09/2024,1000,Spouwmuurisolatie (meer dan 10 m2),Nee,Nee,Schellerlanden,Schelle
8012XG,Zwolle,Gevel Ramen Zolder,23/09/2024,1000,Vloerisolatie (meer dan 20 m2),Nee,Nee,Nieuw-Assendorp,Assendorp
8032ZK,Zwolle,Gevel Ramen Vloer,24/09/2024,1000,Glasisolatie/kozijnpaneel- of deurisolatie (meer dan 8 m2),Nee,Nee,Aa-landen-Noord,Aa-landen
8013TL,Zwolle,Dak Gevel Ramen Vloer Zolder,27/09/2024,1000,Dakisolatie binnenzijde (meer dan 20 m2),Nee,Nee,Pierik,Assendorp
8012DT,Zwolle,Dak Gevel Ramen Vloer Zolder,30/09/2024,1000,Vloerisolatie (meer dan 20 m2),Ja,Nee,Oud-Assendorp,Assendorp
8013XN,Zwolle,Dak Gevel Ramen Vloer Zolder,04/10/2024,1000,Dakisolatie binnenzijde (meer dan 20 m2),Nee,Nee,Pierik,Assendorp
8012CS,Zwolle,Gevel Vloer Zolder,24/10/2024,1000,Vloerisolatie (meer dan 20 m2),Nee,Nee,Nieuw-Assendorp,Assendorp
8021CB,Zwolle,Dak Gevel Ramen Vloer Zolder,25/10/2024,1000,Bodemisolatie (meer dan 20 m2),Nee,Nee,Dieze-Centrum,Diezerpoort
8022BB,Zwolle,Dak Ramen Vloer Zolder,27/10/2024,1000,Vloerisolatie (meer dan 20 m2),Nee,Nee,Hogenkamp,Diezerpoort
8014ZD,Zwolle,Dak Gevel Ramen Vloer Zolder,27/10/2024,1000,Bodemisolatie (meer dan 20 m2),Nee,Nee,Oud-Ittersum,Ittersum
8013TP,Zwolle,Gevel Ramen Vloer Zolder,03/11/2024,1000,Spouwmuurisolatie (meer dan 10 m2) Vloerisolatie (meer dan 20 m2),Nee,Nee,Pierik,Assendorp
8015PM,Zwolle,Dak Gevel Ramen Vloer Zolder,05/11/2024,1000,Dakisolatie binnenzijde (meer dan 20 m2) Dakisolatie buitenzijde (meer dan 20 m2) Gevelisolatie binnenzijde/voorzetwand (meer dan 10 m2) Gevelisolatie buitenzijde (meer dan 10 m2) Glasisolatie/kozijnpaneel- of deurisolatie (meer dan 8 m2) Vloerisolatie (meer dan 20 m2) Zolder- of vlieringvloerisolatie (meer dan 20 m2),Ja,Nee,Windesheim,Soestweteringlanden
8023TT,Zwolle,Dak Zolder,07/11/2024,1000,Dakisolatie binnenzijde (meer dan 20 m2),Nee,Nee,Wipstrik-Zuid,Wipstrik
8032CB,Zwolle,Dak Gevel Ramen,08/11/2024,1000,Glasisolatie/kozijnpaneel- of deurisolatie (meer dan 8 m2),Nee,Nee,Aa-landen-Zuid,Aa-landen
8012TE,Zwolle,Gevel Ramen Vloer Zolder,08/11/2024,1000,Vloerisolatie (meer dan 20 m2),Ja,Nee,Oud-Assendorp,Assendorp
8012TM,Zwolle,Dak Gevel Ramen Vloer Zolder,09/11/2024,1000,Vloerisolatie (meer dan 20 m2),Nee,Nee,Oud-Assendorp,Assendorp
8031KL,Zwolle,Dak Gevel Ramen Vloer Zolder,10/11/2024,1000,Glasisolatie/kozijnpaneel- of deurisolatie (meer dan 8 m2),Nee,Nee,Holtenbroek III,Holtenbroek
8019XE,Zwolle,Dak Gevel Ramen Vloer Zolder,11/11/2024,1000,Bodemisolatie (meer dan 20 m2),Nee,Ja,Veerallee,Kamperpoort-Veerallee
8012AN,Zwolle,Dak Gevel Ramen Zolder,15/11/2024,1000,Dakisolatie binnenzijde (meer dan 20 m2) Gevelisolatie binnenzijde/voorzetwand (meer dan 10 m2) Glasisolatie/kozijnpaneel- of deurisolatie (meer dan 8 m2),Nee,Nee,Oud-Assendorp,Assendorp
8012VB,Zwolle,Dak Gevel Ramen Vloer Zolder,19/11/2024,1000,Dakisolatie binnenzijde (meer dan 20 m2),Ja,Nee,Oud-Assendorp,Assendorp
8013TP,Zwolle,Dak Gevel Ramen Vloer Zolder,19/11/2024,1000,Dakisolatie binnenzijde (meer dan 20 m2),Nee,Nee,Pierik,Assendorp
8043PN,Zwolle,Ramen Zolder,21/11/2024,1000,Glasisolatie/kozijnpaneel- of deurisolatie (meer dan 8 m2),Nee,Nee,Frankhuis,Stadshagen
8031JE,Zwolle,Gevel Ramen Vloer Zolder,22/11/2024,1000,Glasisolatie/kozijnpaneel- of deurisolatie (meer dan 8 m2),Nee,Nee,Holtenbroek II,Holtenbroek
8031ZE,Zwolle,Gevel Ramen Vloer,23/11/2024,1000,Glasisolatie/kozijnpaneel- of deurisolatie (meer dan 8 m2),Nee,Nee,Holtenbroek IV,Holtenbroek
8012XD,Zwolle,Dak Gevel Ramen Vloer Zolder,01/12/2024,1000,Gevelisolatie binnenzijde/voorzetwand (meer dan 10 m2) Vloerisolatie (meer dan 20 m2),Ja,Nee,Nieuw-Assendorp,Assendorp
8012WL,Zwolle,Dak Gevel Ramen Vloer Zolder,12/12/2024,1000,Vloerisolatie (meer dan 20 m2),Nee,Nee,Oud-Assendorp,Assendorp
8012AV,Zwolle,Dak Gevel Ramen Vloer Zolder,22/01/2025,1000,Dakisolatie buitenzijde (meer dan 20 m2),Nee,Nee,Oud-Assendorp,Assendorp
8015AH,Zwolle,Ramen Vloer Zolder,04/02/2025,1000,Bodemisolatie (meer dan 20 m2) Vloerisolatie (meer dan 20 m2),Nee,Nee,Ittersumerbroek,Ittersum
8012WE,Zwolle,Dak Gevel Ramen Vloer Zolder,04/02/2025,1000,Zolder- of vlieringvloerisolatie (meer dan 20 m2),Ja,Nee,Oud-Assendorp,Assendorp
8033CE,Zwolle,Dak Ramen Vloer Zolder,08/02/2025,1000,Glasisolatie/kozijnpaneel- of deurisolatie (meer dan 8 m2),Nee,Nee,Aa-landen-Oost,Aa-landen
8015BJ,Zwolle,Ramen,08/02/2025,1000,Glasisolatie/kozijnpaneel- of deurisolatie (meer dan 8 m2),Nee,Nee,Ittersumerbroek,Ittersum
8033AX,Zwolle,Dak Gevel Ramen Vloer Zolder,09/02/2025,1000,Gevelisolatie buitenzijde (meer dan 10 m2) Glasisolatie/kozijnpaneel- of deurisolatie (meer dan 8 m2),Nee,Nee,Aa-landen-Oost,Aa-landen
8012VG,Zwolle,Dak Gevel Ramen Vloer Zolder,12/02/2025,1000,Glasisolatie/kozijnpaneel- of deurisolatie (meer dan 8 m2),Nee,Nee,Oud-Assendorp,Assendorp
8023AE,Zwolle,Gevel Zolder,13/02/2025,1000,Glasisolatie/kozijnpaneel- of deurisolatie (meer dan 8 m2),Nee,Nee,Wipstrik-Noord,Wipstrik
8012BD,Zwolle,Dak Gevel Ramen Vloer Zolder,16/02/2025,1000,Glasisolatie/kozijnpaneel- of deurisolatie (meer dan 8 m2),Nee,Nee,Oud-Assendorp,Assendorp
8014JC,Zwolle,Gevel Vloer,21/02/2025,1000,Spouwmuurisolatie (meer dan 10 m2) Vloerisolatie (meer dan 20 m2),Nee,Ja,Gerenbroek,Ittersum
8032XM,Zwolle,Dak Gevel Ramen Vloer Zolder,21/02/2025,1000,Glasisolatie/kozijnpaneel- of deurisolatie (meer dan 8 m2),Nee,Nee,Aa-landen-Noord,Aa-landen
8015PN,Zwolle,Dak Gevel Ramen Vloer Zolder,25/02/2025,1000,Glasisolatie/kozijnpaneel- of deurisolatie (meer dan 8 m2),Nee,Nee,Windesheim,Soestweteringlanden
8022PD,Zwolle,Gevel Ramen Vloer,25/02/2025,1000,Glasisolatie/kozijnpaneel- of deurisolatie (meer dan 8 m2),Nee,Nee,Indischebuurt,Diezerpoort
8014KD,Zwolle,Dak Gevel Ramen Zolder,28/02/2025,1000,Spouwmuurisolatie (meer dan 10 m2),Nee,Nee,Gerenbroek,Ittersum
8014GD,Zwolle,Dak Ramen Vloer Zolder,08/03/2025,1000,Glasisolatie/kozijnpaneel- of deurisolatie (meer dan 8 m2),Nee,Nee,Gerenlanden,Ittersum
8031KL,Zwolle,Dak Gevel Ramen Vloer Zolder,10/03/2025,1000,Spouwmuurisolatie (meer dan 10 m2),Nee,Nee,Holtenbroek III,Holtenbroek
8032BN,Zwolle,Dak Gevel Ramen Vloer Zolder,12/03/2025,1000,Glasisolatie/kozijnpaneel- of deurisolatie (meer dan 8 m2),Nee,Nee,Aa-landen-Zuid,Aa-landen
8023TM,Zwolle,Dak Vloer Zolder,23/03/2024,997.5,Dakisolatie binnenzijde (meer dan 20 m2),Ja,Nee,Wipstrik-Zuid,Wipstrik
8012WB,Zwolle,Dak Gevel Ramen Vloer Zolder,15/05/2024,995,Dakisolatie binnenzijde (meer dan 20 m2),Ja,Nee,Oud-Assendorp,Assendorp
8012WK,Zwolle,Dak Gevel Vloer Zolder,07/02/2025,950,Bodemisolatie (meer dan 20 m2),Nee,Nee,Oud-Assendorp,Assendorp
8013TH,Zwolle,Dak Gevel Ramen Vloer Zolder,26/03/2024,883,Dakisolatie binnenzijde (meer dan 20 m2),Ja,Nee,Pierik,Assendorp
8021BX,Zwolle,Dak Gevel Ramen Vloer Zolder,24/08/2024,810.97,Dakisolatie binnenzijde (meer dan 20 m2) Glasisolatie/kozijnpaneel- of deurisolatie (meer dan 8 m2) Zolder- of vlieringvloerisolatie (meer dan 20 m2),Ja,Nee,Dieze-Centrum,Diezerpoort
8014BB,Zwolle,Vloer Zolder,09/03/2024,700,Spouwmuurisolatie (meer dan 10 m2) Vloerisolatie (meer dan 20 m2),Nee,Ja,Oud-Ittersum,Ittersum
8021DE,Zwolle,Dak Ramen Zolder,20/02/2024,616.7,Dakisolatie binnenzijde (meer dan 20 m2),Ja,Nee,Het Noorden,Diezerpoort
8021DX,Zwolle,Dak Ramen Zolder,23/04/2024,569.05,Dakisolatie binnenzijde (meer dan 20 m2),Ja,Nee,Het Noorden,Diezerpoort
8012BA,Zwolle,Dak Ramen Vloer Zolder,03/06/2024,496.73,Gevelisolatie binnenzijde/voorzetwand (meer dan 10 m2),Ja,Nee,Oud-Assendorp,Assendorp
8012VW,Zwolle,Dak Gevel Zolder,01/04/2024,471.33,Dakisolatie binnenzijde (meer dan 20 m2) Gevelisolatie binnenzijde/voorzetwand (meer dan 10 m2),Ja,Nee,Oud-Assendorp,Assendorp
8023TP,Zwolle,Dak Gevel Ramen Zolder,29/02/2024,455,Dakisolatie binnenzijde (meer dan 20 m2),Nee,Nee,Wipstrik-Zuid,Wipstrik
8014GD,Zwolle,Dak Gevel Ramen Vloer Zolder,06/04/2024,0,Dakisolatie buitenzijde (meer dan 20 m2),Nee,Nee,Gerenlanden,Ittersum
