Buurt_naam,Totaal aardgasverbruik woningen (temperatuurgecorrigeerd) [TJ],Elektriciteitsverbruik woningen [GWh (miljoen kWh)],CO2-uitstoot Woningen (elektriciteit) [kton],"CO2-uitstoot Woningen (aardgas, temperatuurgecorrigeerd) [kton]",Consumentenprijs gas (variabele kosten incl. energiebelasting en BTW) [€],Consumentenprijs elektriciteit (variabele kosten incl. energiebelasting en BTW) [€],Aantal woningen met elektrische verwarming (benadering) [aantal],Aantal geregistreerde installaties met zonnepanelen woningen [aantal],year
Binnenstad-Zuid,55,3.7,1.9,3.1,0.62,0.22,0.0,0.0,2015
Binnenstad-Noord,17,1.1,0.6,1,0.62,0.22,0.0,0.0,2015
Noordereiland,11,0.7,0.4,0.6,0.62,0.22,0.0,0.0,2015
Het Noorden,24,1.4,0.8,1.3,0.62,0.22,0.0,0.0,2015
Schildersbuurt,5,0.4,0.2,0.3,0.62,0.22,0.0,0.0,2015
Bollebieste,30,1.8,1.0,1.7,0.62,0.22,0.0,0.0,2015
Dieze-Centrum,20,1.3,0.7,1.1,0.62,0.22,0.0,0.0,2015
Bagijneweide,17,1.1,0.6,1,0.62,0.22,0.0,0.0,2015
Hogenkamp,58,3.7,1.9,3.3,0.62,0.22,0.0,0.0,2015
Indischebuurt,18,1.2,0.6,1,0.62,0.22,0.0,0.0,2015
Meppelerstraatweg-Zuid,6,0.4,0.2,0.4,0.62,0.22,0.0,0.0,2015
Bedrijventerrein Floresstraat,5,0.4,0.2,0.3,0.62,0.22,0.0,0.0,2015
Wipstrik-Noord,63,3.7,2.0,3.5,0.62,0.22,0.0,0.0,2015
Wipstrik-Zuid,66,4.4,2.3,3.7,0.62,0.22,0.0,0.0,2015
Stationsbuurt,28,1.6,0.9,1.6,0.62,0.22,0.0,0.0,2015
Oud-Assendorp,79,4.6,2.4,4.4,0.62,0.22,0.0,0.0,2015
Nieuw-Assendorp,56,3.2,1.7,3.2,0.62,0.22,0.0,0.0,2015
Wezenlanden,14,0.8,0.4,0.8,0.62,0.22,0.0,0.0,2015
Pierik,38,2.2,1.2,2.2,0.62,0.22,0.0,0.0,2015
Bedrijventerrein Marslanden-Noord,?,0.0,0.0,?,0.62,0.22,0.0,0.0,2015
Hanzeland,17,1.3,0.7,1,0.62,0.22,0.0,0.0,2015
Kamperpoort,20,1.5,0.8,1.1,0.62,0.22,0.0,0.0,2015
Veerallee,35,1.9,1.0,2,0.62,0.22,0.0,0.0,2015
Bedrijventerrein Voorst-A,1,0.1,0.1,0.1,0.62,0.22,0.0,0.0,2015
Bedrijventerrein Voorst-B,?,0.0,0.0,?,0.62,0.22,0.0,0.0,2015
Spoolde,7,0.4,0.2,0.4,0.62,0.22,0.0,0.0,2015
Oud-Westenholte,42,2.8,1.5,2.4,0.62,0.22,0.0,0.0,2015
Westenholte-Stins,42,3.2,1.7,2.4,0.62,0.22,0.0,0.0,2015
Vreugderijk,4,0.3,0.2,0.2,0.62,0.22,0.0,0.0,2015
Bedrijventerrein Voorst-C,?,0.0,0.0,?,0.62,0.22,0.0,0.0,2015
Bedrijventerrein Voorst-D,?,0.0,0.0,?,0.62,0.22,0.0,0.0,2015
Frankhuis,66,6.2,3.3,3.7,0.62,0.22,0.0,0.0,2015
Mastenbroek,2,0.0,0.0,0.1,0.62,0.22,0.0,0.0,2015
Schoonhorst,58,5.1,2.7,3.3,0.62,0.22,0.0,0.0,2015
Werkeren,47,4.1,2.2,2.7,0.62,0.22,0.0,0.0,2015
Milligen,78,8.0,4.2,4.4,0.62,0.22,0.0,0.0,2015
Tippe bij de IJssel,?,0.0,0.0,?,0.62,0.22,0.0,0.0,2015
Breecamp,0,1.0,0.5,0,0.62,0.22,0.0,0.0,2015
Breezicht,0,0.0,0.0,0,0.62,0.22,0.0,0.0,2015
Stadsbroek,2,0.1,0.1,0.1,0.62,0.22,0.0,0.0,2015
Holtenbroek IV,54,3.6,1.9,3.1,0.62,0.22,0.0,0.0,2015
Holtenbroek I,13,2.0,1.1,0.8,0.62,0.22,0.0,0.0,2015
Holtenbroek II,45,2.6,1.4,2.5,0.62,0.22,0.0,0.0,2015
Holtenbroek III,43,2.6,1.4,2.4,0.62,0.22,0.0,0.0,2015
Aa-landen-Zuid,40,2.9,1.5,2.3,0.62,0.22,0.0,0.0,2015
Aa-landen-Midden,72,4.3,2.3,4.1,0.62,0.22,0.0,0.0,2015
Aa-landen-Noord,72,4.4,2.3,4.1,0.62,0.22,0.0,0.0,2015
Aa-landen-Oost,60,3.9,2.1,3.4,0.62,0.22,0.0,0.0,2015
Brinkhoek,22,1.2,0.6,1.3,0.62,0.22,0.0,0.0,2015
Langenholte,3,0.2,0.1,0.2,0.62,0.22,0.0,0.0,2015
Haerst,7,0.5,0.3,0.4,0.62,0.22,0.0,0.0,2015
Berkum,79,4.6,2.4,4.5,0.62,0.22,0.0,0.0,2015
Bedrijventerrein de Vrolijkheid,0,0.0,0.0,0,0.62,0.22,0.0,0.0,2015
Veldhoek,8,0.4,0.2,0.5,0.62,0.22,0.0,0.0,2015
Kantorenterrein Oosterenk,0,0.0,0.0,0,0.62,0.22,0.0,0.0,2015
Bedrijventerrein Hessenpoort,2,0.1,0.1,0.1,0.62,0.22,0.0,0.0,2015
Tolhuislanden,3,0.2,0.1,0.2,0.62,0.22,0.0,0.0,2015
Herfte,10,0.6,0.3,0.6,0.62,0.22,0.0,0.0,2015
Bedrijventerrein Marslanden-Zuid,0,0.0,0.0,0,0.62,0.22,0.0,0.0,2015
Wijthmen,14,0.9,0.5,0.8,0.62,0.22,0.0,0.0,2015
Oud-Schelle,23,1.5,0.8,1.3,0.62,0.22,0.0,0.0,2015
Schellerhoek,15,1.3,0.7,0.9,0.62,0.22,0.0,0.0,2015
Schellerbroek,27,1.9,1.0,1.5,0.62,0.22,0.0,0.0,2015
Schellerlanden,46,3.5,1.8,2.6,0.62,0.22,0.0,0.0,2015
Oldenelerlanden-Oost,36,2.9,1.6,2,0.62,0.22,0.0,0.0,2015
Oldenelerlanden-West,23,1.9,1.0,1.3,0.62,0.22,0.0,0.0,2015
Oldenelerbroek,50,4.0,2.1,2.8,0.62,0.22,0.0,0.0,2015
Schelle-Zuid en Oldeneel,5,0.3,0.2,0.3,0.62,0.22,0.0,0.0,2015
Katerveer-Engelse werk,14,0.8,0.4,0.8,0.62,0.22,0.0,0.0,2015
Oud-Ittersum,24,1.5,0.8,1.4,0.62,0.22,0.0,0.0,2015
Ittersumerlanden,54,4.5,2.4,3,0.62,0.22,0.0,0.0,2015
Ittersumerbroek,35,2.9,1.5,2,0.62,0.22,0.0,0.0,2015
Geren,11,1.0,0.5,0.6,0.62,0.22,0.0,0.0,2015
Gerenlanden,53,3.9,2.1,3,0.62,0.22,0.0,0.0,2015
Gerenbroek,46,3.7,2.0,2.6,0.62,0.22,0.0,0.0,2015
Oude Mars,1,0.1,0.0,0,0.62,0.22,0.0,0.0,2015
Windesheim,8,0.5,0.3,0.4,0.62,0.22,0.0,0.0,2015
Harculo en Hoog-Zuthem,9,0.5,0.3,0.5,0.62,0.22,0.0,0.0,2015
Binnenstad-Zuid,52,3.0,1.4,2.9,0.64,0.2,0.0,?,2016
Binnenstad-Noord,17,1.1,0.5,0.9,0.64,0.2,0.0,?,2016
Noordereiland,11,0.7,0.4,0.6,0.64,0.2,0.0,?,2016
Het Noorden,27,1.5,0.8,1.5,0.64,0.2,0.0,5,2016
Schildersbuurt,5,0.4,0.2,0.3,0.64,0.2,0.0,?,2016
Bollebieste,33,1.9,0.9,1.8,0.64,0.2,0.0,65,2016
Dieze-Centrum,20,1.3,0.6,1.1,0.64,0.2,0.0,5,2016
Bagijneweide,15,1.1,0.5,0.9,0.64,0.2,0.0,10,2016
Hogenkamp,60,3.6,1.8,3.4,0.64,0.2,0.0,85,2016
Indischebuurt,17,1.2,0.6,1,0.64,0.2,0.0,45,2016
Meppelerstraatweg-Zuid,6,0.4,0.2,0.3,0.64,0.2,0.0,?,2016
Bedrijventerrein Floresstraat,5,0.4,0.2,0.3,0.64,0.2,0.0,?,2016
Wipstrik-Noord,63,3.6,1.8,3.5,0.64,0.2,0.0,80,2016
Wipstrik-Zuid,65,4.3,2.1,3.7,0.64,0.2,0.0,55,2016
Stationsbuurt,28,1.6,0.8,1.6,0.64,0.2,0.0,25,2016
Oud-Assendorp,77,4.5,2.2,4.3,0.64,0.2,0.0,85,2016
Nieuw-Assendorp,57,3.2,1.6,3.2,0.64,0.2,0.0,?,2016
Wezenlanden,15,0.8,0.4,0.8,0.64,0.2,0.0,5,2016
Pierik,38,2.3,1.1,2.2,0.64,0.2,0.0,160,2016
Bedrijventerrein Marslanden-Noord,?,0.0,0.0,?,0.64,0.2,0.0,?,2016
Hanzeland,14,1.2,0.6,0.8,0.64,0.2,0.0,20,2016
Kamperpoort,19,1.5,0.7,1.1,0.64,0.2,0.0,30,2016
Veerallee,33,1.9,0.9,1.9,0.64,0.2,0.0,70,2016
Bedrijventerrein Voorst-A,1,0.1,0.0,0.1,0.64,0.2,0.0,?,2016
Bedrijventerrein Voorst-B,?,0.0,0.0,?,0.64,0.2,0.0,?,2016
Spoolde,7,0.4,0.2,0.4,0.64,0.2,0.0,15,2016
Oud-Westenholte,40,2.7,1.3,2.3,0.64,0.2,0.0,105,2016
Westenholte-Stins,42,3.1,1.5,2.4,0.64,0.2,0.0,135,2016
Vreugderijk,4,0.3,0.1,0.2,0.64,0.2,0.0,10,2016
Bedrijventerrein Voorst-C,?,0.0,0.0,?,0.64,0.2,0.0,?,2016
Bedrijventerrein Voorst-D,?,0.0,0.0,?,0.64,0.2,0.0,?,2016
Frankhuis,72,6.4,3.1,4.1,0.64,0.2,0.0,305,2016
Mastenbroek,2,0.0,0.0,0.1,0.64,0.2,0.0,?,2016
Schoonhorst,57,5.0,2.4,3.2,0.64,0.2,0.0,145,2016
Werkeren,48,4.5,2.2,2.7,0.64,0.2,0.0,230,2016
Milligen,77,8.0,3.9,4.4,0.64,0.2,0.0,360,2016
Tippe bij de IJssel,?,0.0,0.0,?,0.64,0.2,0.0,?,2016
Breecamp,?,1.3,0.6,?,0.64,0.2,0.0,?,2016
Breezicht,?,0.0,0.0,?,0.64,0.2,0.0,?,2016
Stadsbroek,2,0.1,0.1,0.1,0.64,0.2,0.0,5,2016
Holtenbroek IV,51,3.6,1.8,2.9,0.64,0.2,0.0,115,2016
Holtenbroek I,14,2.1,1.0,0.8,0.64,0.2,0.0,215,2016
Holtenbroek II,41,2.6,1.3,2.3,0.64,0.2,0.0,25,2016
Holtenbroek III,42,2.6,1.3,2.4,0.64,0.2,0.0,30,2016
Aa-landen-Zuid,36,2.9,1.4,2,0.64,0.2,0.0,35,2016
Aa-landen-Midden,71,4.2,2.1,4,0.64,0.2,0.0,130,2016
Aa-landen-Noord,72,4.4,2.1,4.1,0.64,0.2,0.0,120,2016
Aa-landen-Oost,59,3.8,1.9,3.3,0.64,0.2,0.0,125,2016
Brinkhoek,24,1.2,0.6,1.3,0.64,0.2,0.0,25,2016
Langenholte,3,0.2,0.1,0.2,0.64,0.2,0.0,5,2016
Haerst,8,0.5,0.2,0.4,0.64,0.2,0.0,10,2016
Berkum,78,4.5,2.2,4.4,0.64,0.2,0.0,175,2016
Bedrijventerrein de Vrolijkheid,?,0.0,0.0,?,0.64,0.2,0.0,?,2016
Veldhoek,8,0.4,0.2,0.5,0.64,0.2,0.0,15,2016
Kantorenterrein Oosterenk,?,0.0,0.0,?,0.64,0.2,0.0,5,2016
Bedrijventerrein Hessenpoort,2,0.1,0.1,0.1,0.64,0.2,0.0,5,2016
Tolhuislanden,4,0.2,0.1,0.2,0.64,0.2,0.0,5,2016
Herfte,11,0.6,0.3,0.6,0.64,0.2,0.0,20,2016
Bedrijventerrein Marslanden-Zuid,?,0.0,0.0,?,0.64,0.2,0.0,5,2016
Wijthmen,14,0.9,0.4,0.8,0.64,0.2,0.0,20,2016
Oud-Schelle,24,1.6,0.8,1.4,0.64,0.2,0.0,65,2016
Schellerhoek,15,1.2,0.6,0.8,0.64,0.2,0.0,65,2016
Schellerbroek,26,1.8,0.9,1.5,0.64,0.2,0.0,120,2016
Schellerlanden,45,3.3,1.6,2.6,0.64,0.2,0.0,155,2016
Oldenelerlanden-Oost,35,2.9,1.4,2,0.64,0.2,0.0,100,2016
Oldenelerlanden-West,23,1.8,0.9,1.3,0.64,0.2,0.0,85,2016
Oldenelerbroek,49,3.9,1.9,2.8,0.64,0.2,0.0,180,2016
Schelle-Zuid en Oldeneel,5,0.3,0.2,0.3,0.64,0.2,0.0,5,2016
Katerveer-Engelse werk,14,0.8,0.4,0.8,0.64,0.2,0.0,25,2016
Oud-Ittersum,24,1.5,0.7,1.3,0.64,0.2,0.0,70,2016
Ittersumerlanden,53,4.4,2.1,3,0.64,0.2,0.0,155,2016
Ittersumerbroek,35,2.8,1.4,2,0.64,0.2,0.0,100,2016
Geren,10,0.9,0.5,0.6,0.64,0.2,0.0,15,2016
Gerenlanden,52,3.8,1.9,3,0.64,0.2,0.0,170,2016
Gerenbroek,46,3.5,1.7,2.6,0.64,0.2,0.0,150,2016
Oude Mars,1,0.1,0.0,0.1,0.64,0.2,0.0,10,2016
Windesheim,8,0.5,0.2,0.4,0.64,0.2,0.0,20,2016
Harculo en Hoog-Zuthem,9,0.5,0.3,0.5,0.64,0.2,0.0,25,2016
Binnenstad-Zuid,48,3.1,1.4,2.7,0.63,0.2,0,?,2017
Binnenstad-Noord,16,1.1,0.5,0.9,0.63,0.2,6,?,2017
Noordereiland,12,0.8,0.4,0.7,0.63,0.2,0,?,2017
Het Noorden,28,1.5,0.7,1.6,0.63,0.2,0,5,2017
Schildersbuurt,5,0.4,0.2,0.3,0.63,0.2,0,5,2017
Bollebieste,33,1.9,0.9,1.9,0.63,0.2,0,70,2017
Dieze-Centrum,19,1.2,0.6,1.1,0.63,0.2,0,15,2017
Bagijneweide,16,1.1,0.5,0.9,0.63,0.2,0,10,2017
Hogenkamp,59,3.5,1.6,3.4,0.63,0.2,19,115,2017
Indischebuurt,17,1.1,0.5,0.9,0.63,0.2,0,50,2017
Meppelerstraatweg-Zuid,6,0.4,0.2,0.3,0.63,0.2,0,?,2017
Bedrijventerrein Floresstraat,5,0.4,0.2,0.3,0.63,0.2,0,10,2017
Wipstrik-Noord,64,3.6,1.6,3.6,0.63,0.2,0,85,2017
Wipstrik-Zuid,65,4.3,1.9,3.7,0.63,0.2,0,70,2017
Stationsbuurt,28,1.6,0.7,1.6,0.63,0.2,0,25,2017
Oud-Assendorp,82,4.7,2.1,4.6,0.63,0.2,0,100,2017
Nieuw-Assendorp,56,3.2,1.4,3.2,0.63,0.2,0,50,2017
Wezenlanden,14,0.8,0.3,0.8,0.63,0.2,0,50,2017
Pierik,38,2.2,1.0,2.2,0.63,0.2,0,245,2017
Bedrijventerrein Marslanden-Noord,?,0.0,0.0,?,0.63,0.2,?,5,2017
Hanzeland,14,1.2,0.5,0.8,0.63,0.2,0,25,2017
Kamperpoort,19,1.5,0.7,1.1,0.63,0.2,0,45,2017
Veerallee,35,1.9,0.9,2,0.63,0.2,12,110,2017
Bedrijventerrein Voorst-A,1,0.1,0.0,0.1,0.63,0.2,0,?,2017
Bedrijventerrein Voorst-B,?,0.0,0.0,?,0.63,0.2,?,?,2017
Spoolde,7,0.4,0.2,0.4,0.63,0.2,1,20,2017
Oud-Westenholte,41,2.7,1.2,2.3,0.63,0.2,0,125,2017
Westenholte-Stins,42,3.0,1.3,2.3,0.63,0.2,0,155,2017
Vreugderijk,4,0.3,0.1,0.2,0.63,0.2,0,10,2017
Bedrijventerrein Voorst-C,?,0.0,0.0,?,0.63,0.2,?,?,2017
Bedrijventerrein Voorst-D,?,0.0,0.0,?,0.63,0.2,?,?,2017
Frankhuis,74,6.4,2.9,4.2,0.63,0.2,108,475,2017
Mastenbroek,?,0.0,0.0,?,0.63,0.2,0,?,2017
Schoonhorst,57,4.9,2.2,3.3,0.63,0.2,0,170,2017
Werkeren,50,4.2,1.9,2.9,0.63,0.2,0,?,2017
Milligen,85,7.8,3.5,4.8,0.63,0.2,56,285,2017
Tippe bij de IJssel,?,0.0,0.0,?,0.63,0.2,?,?,2017
Breecamp,?,1.6,0.7,?,0.63,0.2,27,130,2017
Breezicht,?,0.0,0.0,?,0.63,0.2,0,?,2017
Stadsbroek,2,0.1,0.0,0.1,0.63,0.2,0,5,2017
Holtenbroek IV,53,3.6,1.6,3,0.63,0.2,0,60,2017
Holtenbroek I,14,2.1,0.9,0.8,0.63,0.2,0,215,2017
Holtenbroek II,46,2.7,1.2,2.6,0.63,0.2,0,145,2017
Holtenbroek III,44,2.5,1.1,2.5,0.63,0.2,0,35,2017
Aa-landen-Zuid,39,2.8,1.3,2.2,0.63,0.2,0,45,2017
Aa-landen-Midden,71,4.2,1.9,4,0.63,0.2,20,225,2017
Aa-landen-Noord,71,4.3,1.9,4,0.63,0.2,0,140,2017
Aa-landen-Oost,59,3.7,1.7,3.4,0.63,0.2,0,140,2017
Brinkhoek,23,1.2,0.5,1.3,0.63,0.2,0,30,2017
Langenholte,4,0.2,0.1,0.2,0.63,0.2,0,5,2017
Haerst,7,0.4,0.2,0.4,0.63,0.2,1,10,2017
Berkum,80,4.5,2.0,4.5,0.63,0.2,0,245,2017
Bedrijventerrein de Vrolijkheid,?,0.0,0.0,?,0.63,0.2,0,?,2017
Veldhoek,8,0.4,0.2,0.5,0.63,0.2,1,15,2017
Kantorenterrein Oosterenk,?,0.0,0.0,?,0.63,0.2,0,5,2017
Bedrijventerrein Hessenpoort,2,0.1,0.0,0.1,0.63,0.2,0,5,2017
Tolhuislanden,3,0.2,0.1,0.2,0.63,0.2,0,5,2017
Herfte,11,0.6,0.3,0.6,0.63,0.2,0,25,2017
Bedrijventerrein Marslanden-Zuid,?,0.0,0.0,?,0.63,0.2,0,5,2017
Wijthmen,14,0.9,0.4,0.8,0.63,0.2,0,20,2017
Oud-Schelle,24,1.6,0.7,1.4,0.63,0.2,0,80,2017
Schellerhoek,16,1.2,0.5,0.9,0.63,0.2,0,70,2017
Schellerbroek,27,1.8,0.8,1.5,0.63,0.2,0,130,2017
Schellerlanden,45,3.2,1.5,2.6,0.63,0.2,0,170,2017
Oldenelerlanden-Oost,36,2.8,1.2,2,0.63,0.2,0,120,2017
Oldenelerlanden-West,23,1.7,0.8,1.3,0.63,0.2,0,95,2017
Oldenelerbroek,49,3.8,1.7,2.8,0.63,0.2,0,195,2017
Schelle-Zuid en Oldeneel,5,0.3,0.1,0.3,0.63,0.2,1,5,2017
Katerveer-Engelse werk,14,0.9,0.4,0.8,0.63,0.2,2,30,2017
Oud-Ittersum,24,1.5,0.7,1.4,0.63,0.2,0,90,2017
Ittersumerlanden,54,4.3,1.9,3,0.63,0.2,19,200,2017
Ittersumerbroek,35,2.8,1.2,2,0.63,0.2,0,115,2017
Geren,11,0.9,0.4,0.6,0.63,0.2,0,15,2017
Gerenlanden,53,3.7,1.6,3,0.63,0.2,0,200,2017
Gerenbroek,45,3.4,1.5,2.6,0.63,0.2,0,165,2017
Oude Mars,1,0.1,0.1,0.1,0.63,0.2,1,10,2017
Windesheim,7,0.5,0.2,0.4,0.63,0.2,2,25,2017
Harculo en Hoog-Zuthem,10,0.5,0.2,0.5,0.63,0.2,0,30,2017
Binnenstad-Zuid,49,3.2,1.4,2.8,0.68,0.21,14,0,2018
Binnenstad-Noord,17,1.1,0.5,1,0.68,0.21,6,0,2018
Noordereiland,12,0.8,0.3,0.7,0.68,0.21,0,45,2018
Het Noorden,27,1.5,0.6,1.5,0.68,0.21,0,5,2018
Schildersbuurt,5,0.4,0.2,0.3,0.68,0.21,0,5,2018
Bollebieste,32,1.9,0.8,1.8,0.68,0.21,0,125,2018
Dieze-Centrum,19,1.2,0.5,1.1,0.68,0.21,0,15,2018
Bagijneweide,15,1.1,0.5,0.9,0.68,0.21,0,20,2018
Hogenkamp,59,3.5,1.5,3.4,0.68,0.21,20,130,2018
Indischebuurt,16,1.1,0.5,0.9,0.68,0.21,0,50,2018
Meppelerstraatweg-Zuid,6,0.4,0.2,0.3,0.68,0.21,0,?,2018
Bedrijventerrein Floresstraat,5,0.4,0.2,0.3,0.68,0.21,0,20,2018
Wipstrik-Noord,64,3.5,1.5,3.6,0.68,0.21,0,100,2018
Wipstrik-Zuid,64,4.2,1.8,3.6,0.68,0.21,0,85,2018
Stationsbuurt,29,1.6,0.7,1.6,0.68,0.21,0,35,2018
Oud-Assendorp,79,4.5,2.0,4.5,0.68,0.21,0,105,2018
Nieuw-Assendorp,55,3.1,1.3,3.1,0.68,0.21,0,60,2018
Wezenlanden,16,0.8,0.4,0.9,0.68,0.21,0,120,2018
Pierik,38,2.1,0.9,2.1,0.68,0.21,0,260,2018
Bedrijventerrein Marslanden-Noord,?,0.0,0.0,?,0.68,0.21,?,5,2018
Hanzeland,13,1.2,0.5,0.7,0.68,0.21,0,40,2018
Kamperpoort,21,1.6,0.7,1.2,0.68,0.21,0,115,2018
Veerallee,33,1.9,0.8,1.9,0.68,0.21,13,160,2018
Bedrijventerrein Voorst-A,1,0.1,0.0,0.1,0.68,0.21,0,?,2018
Bedrijventerrein Voorst-B,?,0.0,0.0,?,0.68,0.21,?,?,2018
Spoolde,7,0.4,0.2,0.4,0.68,0.21,1,25,2018
Oud-Westenholte,42,2.7,1.2,2.4,0.68,0.21,30,145,2018
Westenholte-Stins,41,2.9,1.2,2.3,0.68,0.21,0,205,2018
Vreugderijk,4,0.3,0.1,0.2,0.68,0.21,1,10,2018
Bedrijventerrein Voorst-C,?,0.0,0.0,?,0.68,0.21,?,?,2018
Bedrijventerrein Voorst-D,?,0.0,0.0,?,0.68,0.21,?,?,2018
Frankhuis,73,6.5,2.8,4.2,0.68,0.21,156,620,2018
Mastenbroek,2,0.1,0.0,0.1,0.68,0.21,0,0,2018
Schoonhorst,57,4.8,2.0,3.2,0.68,0.21,0,220,2018
Werkeren,52,4.3,1.8,2.9,0.68,0.21,14,0,2018
Milligen,79,7.7,3.3,4.5,0.68,0.21,56,365,2018
Tippe bij de IJssel,?,0.0,0.0,?,0.68,0.21,?,?,2018
Breecamp,?,1.5,0.6,?,0.68,0.21,25,225,2018
Breezicht,?,0.0,0.0,?,0.68,0.21,0,0,2018
Stadsbroek,1,0.1,0.0,0.1,0.68,0.21,0,5,2018
Holtenbroek IV,54,3.5,1.5,3.1,0.68,0.21,194,70,2018
Holtenbroek I,14,2.1,0.9,0.8,0.68,0.21,0,230,2018
Holtenbroek II,45,2.6,1.1,2.6,0.68,0.21,0,185,2018
Holtenbroek III,42,2.5,1.1,2.4,0.68,0.21,0,40,2018
Aa-landen-Zuid,38,2.8,1.2,2.2,0.68,0.21,0,65,2018
Aa-landen-Midden,71,4.1,1.8,4,0.68,0.21,0,255,2018
Aa-landen-Noord,70,4.2,1.8,4,0.68,0.21,0,165,2018
Aa-landen-Oost,60,3.6,1.5,3.4,0.68,0.21,0,245,2018
Brinkhoek,23,1.1,0.5,1.3,0.68,0.21,3,40,2018
Langenholte,4,0.2,0.1,0.2,0.68,0.21,4,10,2018
Haerst,8,0.4,0.2,0.4,0.68,0.21,1,10,2018
Berkum,77,4.4,1.9,4.4,0.68,0.21,33,0,2018
Bedrijventerrein de Vrolijkheid,?,0.0,0.0,?,0.68,0.21,0,0,2018
Veldhoek,9,0.4,0.2,0.5,0.68,0.21,2,20,2018
Kantorenterrein Oosterenk,?,0.0,0.0,?,0.68,0.21,0,5,2018
Bedrijventerrein Hessenpoort,2,0.1,0.0,0.1,0.68,0.21,0,5,2018
Tolhuislanden,4,0.2,0.1,0.2,0.68,0.21,0,5,2018
Herfte,11,0.6,0.3,0.6,0.68,0.21,3,30,2018
Bedrijventerrein Marslanden-Zuid,?,0.0,0.0,?,0.68,0.21,0,5,2018
Wijthmen,14,0.9,0.4,0.8,0.68,0.21,2,25,2018
Oud-Schelle,24,1.5,0.6,1.4,0.68,0.21,5,95,2018
Schellerhoek,15,1.2,0.5,0.9,0.68,0.21,0,90,2018
Schellerbroek,26,1.7,0.7,1.5,0.68,0.21,0,145,2018
Schellerlanden,45,3.1,1.3,2.5,0.68,0.21,0,200,2018
Oldenelerlanden-Oost,35,2.6,1.1,2,0.68,0.21,0,150,2018
Oldenelerlanden-West,23,1.7,0.7,1.3,0.68,0.21,0,125,2018
Oldenelerbroek,49,3.7,1.6,2.8,0.68,0.21,0,235,2018
Schelle-Zuid en Oldeneel,5,0.3,0.1,0.3,0.68,0.21,1,10,2018
Katerveer-Engelse werk,14,0.9,0.4,0.8,0.68,0.21,2,40,2018
Oud-Ittersum,24,1.4,0.6,1.3,0.68,0.21,0,105,2018
Ittersumerlanden,54,4.2,1.8,3.1,0.68,0.21,19,240,2018
Ittersumerbroek,35,2.7,1.2,2,0.68,0.21,0,140,2018
Geren,11,0.9,0.4,0.6,0.68,0.21,0,20,2018
Gerenlanden,52,3.5,1.5,2.9,0.68,0.21,0,250,2018
Gerenbroek,45,3.3,1.4,2.5,0.68,0.21,0,205,2018
Oude Mars,1,0.1,0.0,0.1,0.68,0.21,2,15,2018
Windesheim,7,0.5,0.2,0.4,0.68,0.21,3,35,2018
Harculo en Hoog-Zuthem,10,0.6,0.2,0.5,0.68,0.21,0,35,2018
Binnenstad-Zuid,53,3.3,1.2,3,0.78,0.22,59,?,2019
Binnenstad-Noord,16,1.1,0.4,0.9,0.78,0.22,17,?,2019
Noordereiland,13,0.9,0.3,0.7,0.78,0.22,41,50,2019
Het Noorden,28,1.5,0.5,1.6,0.78,0.22,0,5,2019
Schildersbuurt,5,0.4,0.1,0.3,0.78,0.22,0,5,2019
Bollebieste,33,1.9,0.7,1.8,0.78,0.22,39,135,2019
Dieze-Centrum,20,1.2,0.5,1.1,0.78,0.22,0,25,2019
Bagijneweide,17,1.1,0.4,0.9,0.78,0.22,0,20,2019
Hogenkamp,59,3.4,1.3,3.3,0.78,0.22,20,190,2019
Indischebuurt,16,1.1,0.4,0.9,0.78,0.22,0,55,2019
Meppelerstraatweg-Zuid,6,0.4,0.1,0.3,0.78,0.22,0,?,2019
Bedrijventerrein Floresstraat,5,0.4,0.2,0.3,0.78,0.22,0,25,2019
Wipstrik-Noord,63,3.4,1.3,3.5,0.78,0.22,0,130,2019
Wipstrik-Zuid,63,4.0,1.5,3.6,0.78,0.22,0,185,2019
Stationsbuurt,28,1.5,0.6,1.6,0.78,0.22,0,40,2019
Oud-Assendorp,80,4.5,1.7,4.5,0.78,0.22,0,130,2019
Nieuw-Assendorp,53,3.0,1.1,3,0.78,0.22,0,145,2019
Wezenlanden,16,1.0,0.4,0.9,0.78,0.22,0,130,2019
Pierik,37,2.0,0.7,2.1,0.78,0.22,0,300,2019
Bedrijventerrein Marslanden-Noord,?,0.0,0.0,?,0.78,0.22,?,5,2019
Hanzeland,16,1.3,0.5,0.9,0.78,0.22,0,50,2019
Kamperpoort,23,1.8,0.7,1.3,0.78,0.22,37,160,2019
Veerallee,33,1.9,0.7,1.9,0.78,0.22,13,180,2019
Bedrijventerrein Voorst-A,1,0.1,0.0,0.1,0.78,0.22,0,?,2019
Bedrijventerrein Voorst-B,?,0.0,0.0,?,0.78,0.22,?,?,2019
Spoolde,7,0.4,0.2,0.4,0.78,0.22,1,25,2019
Oud-Westenholte,41,2.6,1.0,2.3,0.78,0.22,40,175,2019
Westenholte-Stins,40,2.7,1.0,2.3,0.78,0.22,0,275,2019
Vreugderijk,4,0.3,0.1,0.2,0.78,0.22,1,15,2019
Bedrijventerrein Voorst-C,?,0.0,0.0,?,0.78,0.22,?,?,2019
Bedrijventerrein Voorst-D,?,0.0,0.0,?,0.78,0.22,?,?,2019
Frankhuis,73,6.2,2.3,4.1,0.78,0.22,205,725,2019
Mastenbroek,1,0.1,0.0,0.1,0.78,0.22,0,?,2019
Schoonhorst,55,4.5,1.6,3.1,0.78,0.22,0,290,2019
Werkeren,55,4.5,1.7,3.1,0.78,0.22,110,620,2019
Milligen,77,7.3,2.7,4.4,0.78,0.22,56,455,2019
Tippe bij de IJssel,?,0.0,0.0,?,0.78,0.22,?,?,2019
Breecamp,?,1.9,0.7,?,0.78,0.22,107,300,2019
Breezicht,?,0.0,0.0,?,0.78,0.22,0,?,2019
Stadsbroek,2,0.1,0.0,0.1,0.78,0.22,0,5,2019
Holtenbroek IV,56,3.6,1.3,3.2,0.78,0.22,249,135,2019
Holtenbroek I,14,2.1,0.8,0.8,0.78,0.22,18,245,2019
Holtenbroek II,44,2.6,1.0,2.5,0.78,0.22,0,200,2019
Holtenbroek III,41,2.4,0.9,2.3,0.78,0.22,0,55,2019
Aa-landen-Zuid,37,2.7,1.0,2.1,0.78,0.22,0,85,2019
Aa-landen-Midden,71,4.0,1.5,4,0.78,0.22,0,300,2019
Aa-landen-Noord,69,4.1,1.5,3.9,0.78,0.22,0,215,2019
Aa-landen-Oost,59,3.5,1.3,3.4,0.78,0.22,0,300,2019
Brinkhoek,23,1.2,0.4,1.3,0.78,0.22,5,55,2019
Langenholte,4,0.2,0.1,0.2,0.78,0.22,4,10,2019
Haerst,8,0.5,0.2,0.4,0.78,0.22,1,15,2019
Berkum,75,4.3,1.6,4.3,0.78,0.22,33,360,2019
Bedrijventerrein de Vrolijkheid,?,0.0,0.0,?,0.78,0.22,?,?,2019
Veldhoek,9,0.4,0.2,0.5,0.78,0.22,4,20,2019
Kantorenterrein Oosterenk,?,0.4,0.2,?,0.78,0.22,41,5,2019
Bedrijventerrein Hessenpoort,2,0.1,0.0,0.1,0.78,0.22,0,?,2019
Tolhuislanden,4,0.2,0.1,0.2,0.78,0.22,0,5,2019
Herfte,10,0.6,0.2,0.6,0.78,0.22,3,30,2019
Bedrijventerrein Marslanden-Zuid,?,0.0,0.0,?,0.78,0.22,0,5,2019
Wijthmen,14,0.9,0.3,0.8,0.78,0.22,2,25,2019
Oud-Schelle,24,1.5,0.6,1.4,0.78,0.22,5,115,2019
Schellerhoek,15,1.1,0.4,0.9,0.78,0.22,0,110,2019
Schellerbroek,26,1.7,0.6,1.5,0.78,0.22,0,170,2019
Schellerlanden,45,3.0,1.1,2.5,0.78,0.22,0,245,2019
Oldenelerlanden-Oost,35,2.6,1.0,2,0.78,0.22,0,195,2019
Oldenelerlanden-West,23,1.7,0.6,1.3,0.78,0.22,11,160,2019
Oldenelerbroek,49,3.6,1.3,2.7,0.78,0.22,0,265,2019
Schelle-Zuid en Oldeneel,5,0.3,0.1,0.3,0.78,0.22,1,15,2019
Katerveer-Engelse werk,14,0.8,0.3,0.8,0.78,0.22,2,50,2019
Oud-Ittersum,23,1.4,0.5,1.3,0.78,0.22,0,130,2019
Ittersumerlanden,51,4.1,1.5,2.9,0.78,0.22,0,265,2019
Ittersumerbroek,34,2.6,1.0,1.9,0.78,0.22,0,180,2019
Geren,11,0.9,0.3,0.6,0.78,0.22,0,25,2019
Gerenlanden,51,3.4,1.2,2.9,0.78,0.22,0,305,2019
Gerenbroek,44,3.2,1.2,2.5,0.78,0.22,12,280,2019
Oude Mars,2,0.1,0.0,0.1,0.78,0.22,4,20,2019
Windesheim,7,0.5,0.2,0.4,0.78,0.22,3,35,2019
Harculo en Hoog-Zuthem,9,0.6,0.2,0.5,0.78,0.22,0,40,2019
Binnenstad-Zuid,52,3.2,0.9,3,0.79,0.22,60,113,2020
Binnenstad-Noord,16,1.1,0.3,0.9,0.79,0.22,18,?,2020
Noordereiland,16,1.0,0.3,0.9,0.79,0.22,42,?,2020
Het Noorden,26,1.7,0.5,1.5,0.79,0.22,0,10,2020
Schildersbuurt,5,0.4,0.1,0.3,0.79,0.22,0,9,2020
Bollebieste,32,1.9,0.6,1.8,0.79,0.22,59,185,2020
Dieze-Centrum,18,1.1,0.3,1,0.79,0.22,0,29,2020
Bagijneweide,16,1.0,0.3,0.9,0.79,0.22,0,23,2020
Hogenkamp,57,3.4,1.0,3.2,0.79,0.22,39,279,2020
Indischebuurt,17,1.1,0.3,1,0.79,0.22,0,67,2020
Meppelerstraatweg-Zuid,6,0.4,0.1,0.3,0.79,0.22,0,?,2020
Bedrijventerrein Floresstraat,5,0.4,0.1,0.3,0.79,0.22,0,33,2020
Wipstrik-Noord,62,3.5,1.0,3.5,0.79,0.22,0,173,2020
Wipstrik-Zuid,61,4.0,1.2,3.5,0.79,0.22,0,279,2020
Stationsbuurt,28,1.5,0.4,1.6,0.79,0.22,0,47,2020
Oud-Assendorp,77,4.3,1.3,4.4,0.79,0.22,0,190,2020
Nieuw-Assendorp,52,3.0,0.9,3,0.79,0.22,0,201,2020
Wezenlanden,18,1.1,0.3,1,0.79,0.22,0,183,2020
Pierik,37,2.0,0.6,2.1,0.79,0.22,23,384,2020
Bedrijventerrein Marslanden-Noord,?,0.0,0.0,?,0.79,0.22,?,6,2020
Hanzeland,16,1.3,0.4,0.9,0.79,0.22,0,63,2020
Kamperpoort,29,1.9,0.6,1.6,0.79,0.22,115,227,2020
Veerallee,34,2.0,0.6,1.9,0.79,0.22,13,217,2020
Bedrijventerrein Voorst-A,1,0.1,0.0,0.1,0.79,0.22,0,?,2020
Bedrijventerrein Voorst-B,?,0.0,0.0,?,0.79,0.22,?,?,2020
Spoolde,7,0.4,0.1,0.4,0.79,0.22,2,29,2020
Oud-Westenholte,42,2.7,0.8,2.3,0.79,0.22,41,226,2020
Westenholte-Stins,40,2.6,0.8,2.3,0.79,0.22,0,334,2020
Vreugderijk,4,0.3,0.1,0.2,0.79,0.22,5,21,2020
Bedrijventerrein Voorst-C,?,0.0,0.0,?,0.79,0.22,?,?,2020
Bedrijventerrein Voorst-D,?,0.0,0.0,?,0.79,0.22,?,?,2020
Frankhuis,75,6.3,1.8,4.2,0.79,0.22,207,851,2020
Mastenbroek,2,0.1,0.0,0.1,0.79,0.22,0,?,2020
Schoonhorst,55,4.5,1.3,3.1,0.79,0.22,0,357,2020
Werkeren,59,4.8,1.4,3.3,0.79,0.22,116,706,2020
Milligen,79,7.3,2.1,4.4,0.79,0.22,56,550,2020
Tippe bij de IJssel,?,0.0,0.0,?,0.79,0.22,?,?,2020
Breecamp,0,2.6,0.7,0,0.79,0.22,223,593,2020
Breezicht,?,0.0,0.0,?,0.79,0.22,0,?,2020
Stadsbroek,1,0.1,0.0,0.1,0.79,0.22,0,4,2020
Holtenbroek IV,54,3.4,1.0,3,0.79,0.22,249,157,2020
Holtenbroek I,14,2.1,0.6,0.8,0.79,0.22,0,262,2020
Holtenbroek II,44,2.6,0.8,2.5,0.79,0.22,0,209,2020
Holtenbroek III,41,2.4,0.7,2.3,0.79,0.22,0,161,2020
Aa-landen-Zuid,37,2.7,0.8,2.1,0.79,0.22,0,99,2020
Aa-landen-Midden,70,4.0,1.2,3.9,0.79,0.22,0,380,2020
Aa-landen-Noord,68,4.1,1.2,3.9,0.79,0.22,0,267,2020
Aa-landen-Oost,58,3.5,1.0,3.2,0.79,0.22,0,432,2020
Brinkhoek,22,1.2,0.3,1.3,0.79,0.22,8,68,2020
Langenholte,3,0.2,0.1,0.2,0.79,0.22,6,12,2020
Haerst,8,0.4,0.1,0.4,0.79,0.22,1,19,2020
Berkum,75,4.3,1.2,4.2,0.79,0.22,33,458,2020
Bedrijventerrein de Vrolijkheid,?,0.0,0.0,?,0.79,0.22,?,?,2020
Veldhoek,8,0.4,0.1,0.4,0.79,0.22,8,25,2020
Kantorenterrein Oosterenk,2,0.2,0.1,0.1,0.79,0.22,43,?,2020
Bedrijventerrein Hessenpoort,2,0.1,0.0,0.1,0.79,0.22,4,8,2020
Tolhuislanden,4,0.2,0.1,0.2,0.79,0.22,0,6,2020
Herfte,9,0.6,0.2,0.5,0.79,0.22,8,38,2020
Bedrijventerrein Marslanden-Zuid,1,0.0,0.0,0,0.79,0.22,0,5,2020
Wijthmen,13,0.8,0.2,0.7,0.79,0.22,5,43,2020
Oud-Schelle,24,1.5,0.4,1.3,0.79,0.22,5,148,2020
Schellerhoek,14,1.1,0.3,0.8,0.79,0.22,0,135,2020
Schellerbroek,26,1.6,0.5,1.5,0.79,0.22,0,188,2020
Schellerlanden,44,3.0,0.9,2.5,0.79,0.22,0,299,2020
Oldenelerlanden-Oost,34,2.5,0.7,1.9,0.79,0.22,0,235,2020
Oldenelerlanden-West,23,1.6,0.5,1.3,0.79,0.22,11,180,2020
Oldenelerbroek,49,3.5,1.0,2.7,0.79,0.22,0,350,2020
Schelle-Zuid en Oldeneel,5,0.3,0.1,0.3,0.79,0.22,4,19,2020
Katerveer-Engelse werk,13,0.8,0.2,0.8,0.79,0.22,2,72,2020
Oud-Ittersum,25,1.5,0.4,1.4,0.79,0.22,12,164,2020
Ittersumerlanden,52,4.1,1.2,3,0.79,0.22,0,310,2020
Ittersumerbroek,34,2.5,0.7,1.9,0.79,0.22,0,231,2020
Geren,11,0.9,0.3,0.6,0.79,0.22,0,50,2020
Gerenlanden,50,3.4,1.0,2.8,0.79,0.22,0,392,2020
Gerenbroek,43,3.1,0.9,2.4,0.79,0.22,0,352,2020
Oude Mars,2,0.2,0.0,0.1,0.79,0.22,7,19,2020
Windesheim,7,0.5,0.1,0.4,0.79,0.22,5,45,2020
Harculo en Hoog-Zuthem,9,0.5,0.2,0.5,0.79,0.22,1,43,2020
Binnenstad-Zuid,54,3.5,1.0,3,0.83,0.23,61,?,2021
Binnenstad-Noord,17,1.2,0.4,1,0.83,0.23,18,?,2021
Noordereiland,16,1.2,0.4,0.9,0.83,0.23,42,123,2021
Het Noorden,27,1.8,0.6,1.5,0.83,0.23,12,17,2021
Schildersbuurt,5,0.4,0.1,0.3,0.83,0.23,0,11,2021
Bollebieste,29,2.0,0.6,1.7,0.83,0.23,117,260,2021
Dieze-Centrum,19,1.3,0.4,1.1,0.83,0.23,0,54,2021
Bagijneweide,17,1.1,0.3,0.9,0.83,0.23,14,28,2021
Hogenkamp,56,3.7,1.1,3.2,0.83,0.23,79,379,2021
Indischebuurt,17,1.1,0.3,1,0.83,0.23,0,86,2021
Meppelerstraatweg-Zuid,6,0.4,0.1,0.3,0.83,0.23,0,0,2021
Bedrijventerrein Floresstraat,5,0.4,0.1,0.3,0.83,0.23,0,43,2021
Wipstrik-Noord,62,3.6,1.1,3.5,0.83,0.23,0,222,2021
Wipstrik-Zuid,62,4.0,1.2,3.5,0.83,0.23,0,333,2021
Stationsbuurt,29,1.6,0.5,1.6,0.83,0.23,0,67,2021
Oud-Assendorp,80,4.6,1.4,4.5,0.83,0.23,0,250,2021
Nieuw-Assendorp,53,3.1,0.9,3,0.83,0.23,0,242,2021
Wezenlanden,20,1.4,0.4,1.1,0.83,0.23,31,248,2021
Pierik,37,2.1,0.6,2.1,0.83,0.23,35,429,2021
Bedrijventerrein Marslanden-Noord,?,0.0,0.0,?,0.83,0.23,?,8,2021
Hanzeland,16,1.3,0.4,0.9,0.83,0.23,0,67,2021
Kamperpoort,30,2.4,0.7,1.7,0.83,0.23,131,313,2021
Veerallee,35,2.1,0.6,2,0.83,0.23,20,240,2021
Bedrijventerrein Voorst-A,1,0.1,0.0,0.1,0.83,0.23,0,?,2021
Bedrijventerrein Voorst-B,?,0.0,0.0,?,0.83,0.23,?,0,2021
Spoolde,7,0.4,0.1,0.4,0.83,0.23,4,?,2021
Oud-Westenholte,40,2.8,0.8,2.3,0.83,0.23,41,265,2021
Westenholte-Stins,41,2.7,0.8,2.3,0.83,0.23,0,418,2021
Vreugderijk,4,0.3,0.1,0.2,0.83,0.23,5,25,2021
Bedrijventerrein Voorst-C,?,0.0,0.0,?,0.83,0.23,?,0,2021
Bedrijventerrein Voorst-D,?,0.0,0.0,?,0.83,0.23,?,0,2021
Frankhuis,72,6.6,2.0,4.1,0.83,0.23,232,998,2021
Mastenbroek,1,0.1,0.0,0.1,0.83,0.23,0,?,2021
Schoonhorst,56,4.6,1.4,3.1,0.83,0.23,0,406,2021
Werkeren,56,5.1,1.5,3.1,0.83,0.23,132,869,2021
Milligen,78,7.4,2.2,4.4,0.83,0.23,113,710,2021
Tippe bij de IJssel,?,0.0,0.0,?,0.83,0.23,?,0,2021
Breecamp,0,3.2,1.0,0,0.83,0.23,344,552,2021
Breezicht,?,0.6,0.2,?,0.83,0.23,?,347,2021
Stadsbroek,2,0.1,0.0,0.1,0.83,0.23,0,?,2021
Holtenbroek IV,54,3.5,1.1,3,0.83,0.23,249,257,2021
Holtenbroek I,15,2.1,0.6,0.8,0.83,0.23,0,285,2021
Holtenbroek II,46,2.6,0.8,2.6,0.83,0.23,0,226,2021
Holtenbroek III,38,2.4,0.7,2.2,0.83,0.23,0,189,2021
Aa-landen-Zuid,38,2.7,0.8,2.2,0.83,0.23,0,159,2021
Aa-landen-Midden,70,4.0,1.2,3.9,0.83,0.23,0,425,2021
Aa-landen-Noord,68,4.1,1.2,3.8,0.83,0.23,0,356,2021
Aa-landen-Oost,58,3.5,1.1,3.3,0.83,0.23,0,507,2021
Brinkhoek,22,1.2,0.4,1.2,0.83,0.23,11,92,2021
Langenholte,3,0.2,0.1,0.2,0.83,0.23,6,13,2021
Haerst,7,0.5,0.1,0.4,0.83,0.23,1,25,2021
Berkum,75,4.4,1.3,4.2,0.83,0.23,50,545,2021
Bedrijventerrein de Vrolijkheid,?,0.0,0.0,?,0.83,0.23,?,0,2021
Veldhoek,7,0.5,0.1,0.4,0.83,0.23,7,23,2021
Kantorenterrein Oosterenk,2,0.2,0.1,0.1,0.83,0.23,41,3,2021
Bedrijventerrein Hessenpoort,2,0.1,0.0,0.1,0.83,0.23,4,12,2021
Tolhuislanden,4,0.2,0.1,0.2,0.83,0.23,1,8,2021
Herfte,9,0.6,0.2,0.5,0.83,0.23,10,?,2021
Bedrijventerrein Marslanden-Zuid,1,0.0,0.0,0,0.83,0.23,0,?,2021
Wijthmen,14,0.9,0.3,0.8,0.83,0.23,5,50,2021
Oud-Schelle,24,1.6,0.5,1.3,0.83,0.23,5,174,2021
Schellerhoek,15,1.1,0.3,0.8,0.83,0.23,4,164,2021
Schellerbroek,27,1.7,0.5,1.5,0.83,0.23,7,221,2021
Schellerlanden,44,3.0,0.9,2.5,0.83,0.23,0,406,2021
Oldenelerlanden-Oost,34,2.5,0.8,1.9,0.83,0.23,0,279,2021
Oldenelerlanden-West,23,1.7,0.5,1.3,0.83,0.23,11,211,2021
Oldenelerbroek,49,3.6,1.1,2.7,0.83,0.23,0,413,2021
Schelle-Zuid en Oldeneel,5,0.3,0.1,0.3,0.83,0.23,5,25,2021
Katerveer-Engelse werk,13,0.9,0.3,0.8,0.83,0.23,4,80,2021
Oud-Ittersum,25,1.6,0.5,1.4,0.83,0.23,12,223,2021
Ittersumerlanden,52,4.1,1.2,2.9,0.83,0.23,0,353,2021
Ittersumerbroek,35,2.6,0.8,2,0.83,0.23,10,333,2021
Geren,10,0.9,0.3,0.6,0.83,0.23,0,58,2021
Gerenlanden,52,3.5,1.0,2.9,0.83,0.23,0,492,2021
Gerenbroek,43,3.2,1.0,2.4,0.83,0.23,0,440,2021
Oude Mars,1,0.2,0.1,0.1,0.83,0.23,7,22,2021
Windesheim,7,0.5,0.1,0.4,0.83,0.23,5,55,2021
Harculo en Hoog-Zuthem,9,0.6,0.2,0.5,0.83,0.23,1,49,2021
Binnenstad-Zuid,49,3.3,0.9,2.8,2.26,0.5,62,78,2022
Binnenstad-Noord,15,1.1,0.3,0.9,2.26,0.5,18,4,2022
Noordereiland,14,1.1,0.3,0.8,2.26,0.5,37,129,2022
Het Noorden,24,1.8,0.5,1.4,2.26,0.5,0,27,2022
Schildersbuurt,5,0.4,0.1,0.3,2.26,0.5,0,15,2022
Bollebieste,26,1.8,0.5,1.5,2.26,0.5,59,292,2022
Dieze-Centrum,18,1.2,0.3,1,2.26,0.5,38,69,2022
Bagijneweide,15,1.0,0.3,0.8,2.26,0.5,19,34,2022
Hogenkamp,51,3.5,1.0,2.9,2.26,0.5,103,390,2022
Indischebuurt,16,1.1,0.3,0.9,2.26,0.5,42,97,2022
Meppelerstraatweg-Zuid,6,0.4,0.1,0.3,2.26,0.5,0,0,2022
Bedrijventerrein Floresstraat,5,0.4,0.1,0.3,2.26,0.5,2,52,2022
Wipstrik-Noord,54,3.3,0.9,3.1,2.26,0.5,26,303,2022
Wipstrik-Zuid,54,3.8,1.0,3.1,2.26,0.5,0,403,2022
Stationsbuurt,27,1.5,0.4,1.5,2.26,0.5,6,97,2022
Oud-Assendorp,71,4.3,1.2,4,2.26,0.5,0,311,2022
Nieuw-Assendorp,46,2.8,0.8,2.6,2.26,0.5,0,327,2022
Wezenlanden,17,1.3,0.4,1,2.26,0.5,31,253,2022
Pierik,33,1.9,0.5,1.9,2.26,0.5,23,504,2022
Bedrijventerrein Marslanden-Noord,?,0.0,0.0,?,2.26,0.5,?,9,2022
Hanzeland,14,1.2,0.3,0.8,2.26,0.5,0,78,2022
Kamperpoort,28,2.4,0.7,1.6,2.26,0.5,110,340,2022
Veerallee,31,2.0,0.5,1.8,2.26,0.5,21,258,2022
Bedrijventerrein Voorst-A,1,0.1,0.0,0.1,2.26,0.5,?,?,2022
Bedrijventerrein Voorst-B,?,0.0,0.0,?,2.26,0.5,?,0,2022
Spoolde,6,0.4,0.1,0.3,2.26,0.5,6,?,2022
Oud-Westenholte,35,2.7,0.7,2,2.26,0.5,72,361,2022
Westenholte-Stins,36,2.5,0.7,2,2.26,0.5,11,490,2022
Vreugderijk,4,0.3,0.1,0.2,2.26,0.5,?,33,2022
Bedrijventerrein Voorst-C,?,0.0,0.0,?,2.26,0.5,?,0,2022
Bedrijventerrein Voorst-D,?,0.0,0.0,?,2.26,0.5,?,0,2022
Frankhuis,64,6.2,1.7,3.6,2.26,0.5,302,1154,2022
Mastenbroek,1,0.1,0.0,0.1,2.26,0.5,?,?,2022
Schoonhorst,50,4.3,1.2,2.8,2.26,0.5,19,511,2022
Werkeren,50,4.8,1.3,2.8,2.26,0.5,182,983,2022
Milligen,69,7.1,1.9,3.9,2.26,0.5,201,841,2022
Tippe bij de IJssel,?,0.0,0.0,?,2.26,0.5,?,?,2022
Breecamp,1,3.2,0.9,0,2.26,0.5,464,604,2022
Breezicht,0,1.3,0.4,0,2.26,0.5,431,429,2022
Stadsbroek,1,0.1,0.0,0.1,2.26,0.5,?,6,2022
Holtenbroek IV,49,3.5,0.9,2.8,2.26,0.5,271,291,2022
Holtenbroek I,14,2.0,0.5,0.8,2.26,0.5,36,324,2022
Holtenbroek II,42,2.5,0.7,2.4,2.26,0.5,0,401,2022
Holtenbroek III,34,2.2,0.6,1.9,2.26,0.5,0,440,2022
Aa-landen-Zuid,33,2.6,0.7,1.9,2.26,0.5,32,191,2022
Aa-landen-Midden,63,3.9,1.0,3.6,2.26,0.5,0,464,2022
Aa-landen-Noord,60,3.8,1.0,3.4,2.26,0.5,16,502,2022
Aa-landen-Oost,51,3.3,0.9,2.9,2.26,0.5,0,599,2022
Brinkhoek,19,1.1,0.3,1.1,2.26,0.5,29,106,2022
Langenholte,2,0.2,0.1,0.1,2.26,0.5,?,18,2022
Haerst,6,0.4,0.1,0.4,2.26,0.5,9,27,2022
Berkum,65,4.1,1.1,3.7,2.26,0.5,99,689,2022
Bedrijventerrein de Vrolijkheid,?,0.0,0.0,?,2.26,0.5,?,?,2022
Veldhoek,6,0.4,0.1,0.3,2.26,0.5,20,27,2022
Kantorenterrein Oosterenk,4,0.3,0.1,0.2,2.26,0.5,0,?,2022
Bedrijventerrein Hessenpoort,2,0.1,0.0,0.1,2.26,0.5,?,13,2022
Tolhuislanden,3,0.2,0.1,0.2,2.26,0.5,?,10,2022
Herfte,8,0.6,0.2,0.4,2.26,0.5,15,47,2022
Bedrijventerrein Marslanden-Zuid,1,0.0,0.0,0,2.26,0.5,?,4,2022
Wijthmen,12,0.8,0.2,0.7,2.26,0.5,10,70,2022
Oud-Schelle,21,1.5,0.4,1.2,2.26,0.5,19,205,2022
Schellerhoek,13,1.0,0.3,0.7,2.26,0.5,11,207,2022
Schellerbroek,23,1.6,0.4,1.3,2.26,0.5,14,253,2022
Schellerlanden,39,2.8,0.7,2.2,2.26,0.5,36,531,2022
Oldenelerlanden-Oost,30,2.3,0.6,1.7,2.26,0.5,10,337,2022
Oldenelerlanden-West,20,1.5,0.4,1.1,2.26,0.5,23,237,2022
Oldenelerbroek,43,3.3,0.9,2.4,2.26,0.5,29,490,2022
Schelle-Zuid en Oldeneel,4,0.3,0.1,0.2,2.26,0.5,?,33,2022
Katerveer-Engelse werk,12,0.8,0.2,0.7,2.26,0.5,10,83,2022
Oud-Ittersum,22,1.5,0.4,1.2,2.26,0.5,23,251,2022
Ittersumerlanden,48,3.8,1.0,2.7,2.26,0.5,0,455,2022
Ittersumerbroek,30,2.3,0.6,1.7,2.26,0.5,29,401,2022
Geren,10,0.9,0.2,0.6,2.26,0.5,0,78,2022
Gerenlanden,44,3.1,0.8,2.5,2.26,0.5,12,571,2022
Gerenbroek,38,2.9,0.8,2.2,2.26,0.5,12,539,2022
Oude Mars,1,0.2,0.1,0.1,2.26,0.5,?,34,2022
Windesheim,6,0.5,0.1,0.4,2.26,0.5,8,64,2022
Harculo en Hoog-Zuthem,8,0.5,0.1,0.4,2.26,0.5,8,51,2022
Binnenstad-Zuid,42,3.2,0.7,2.4,1.35,0.37,94,0.0,2023
Binnenstad-Noord,14,1.1,0.2,0.8,1.35,0.37,20,0.0,2023
Noordereiland,12,1.1,0.2,0.7,1.35,0.37,38,0.0,2023
Het Noorden,21,1.6,0.4,1.2,1.35,0.37,0,0.0,2023
Schildersbuurt,4,0.3,0.1,0.2,1.35,0.37,2,0.0,2023
Bollebieste,23,1.8,0.4,1.3,1.35,0.37,69,0.0,2023
Dieze-Centrum,15,1.2,0.3,0.8,1.35,0.37,39,0.0,2023
Bagijneweide,12,1.0,0.2,0.7,1.35,0.37,25,0.0,2023
Hogenkamp,42,3.3,0.7,2.4,1.35,0.37,123,0.0,2023
Indischebuurt,13,1.0,0.2,0.7,1.35,0.37,48,0.0,2023
Meppelerstraatweg-Zuid,5,0.4,0.1,0.3,1.35,0.37,0,0.0,2023
Bedrijventerrein Floresstraat,4,0.4,0.1,0.2,1.35,0.37,2,0.0,2023
Wipstrik-Noord,44,3.1,0.7,2.5,1.35,0.37,39,0.0,2023
Wipstrik-Zuid,45,3.6,0.8,2.5,1.35,0.37,19,0.0,2023
Stationsbuurt,22,1.5,0.3,1.2,1.35,0.37,18,0.0,2023
Oud-Assendorp,58,4.1,0.9,3.3,1.35,0.37,64,0.0,2023
Nieuw-Assendorp,39,2.7,0.6,2.2,1.35,0.37,14,0.0,2023
Wezenlanden,14,1.2,0.3,0.8,1.35,0.37,30,0.0,2023
Pierik,27,1.9,0.4,1.5,1.35,0.37,70,0.0,2023
Bedrijventerrein Marslanden-Noord,?,0.0,0.0,?,1.35,0.37,?,0.0,2023
Hanzeland,12,1.2,0.3,0.7,1.35,0.37,6,0.0,2023
Kamperpoort,24,2.4,0.5,1.3,1.35,0.37,96,0.0,2023
Veerallee,25,1.9,0.4,1.4,1.35,0.37,34,0.0,2023
Bedrijventerrein Voorst-A,1,0.1,0.0,0,1.35,0.37,?,0.0,2023
Bedrijventerrein Voorst-B,?,0.0,0.0,?,1.35,0.37,?,0.0,2023
Spoolde,4,0.4,0.1,0.3,1.35,0.37,12,0.0,2023
Oud-Westenholte,29,2.6,0.6,1.7,1.35,0.37,105,0.0,2023
Westenholte-Stins,30,2.4,0.5,1.7,1.35,0.37,33,0.0,2023
Vreugderijk,3,0.3,0.1,0.1,1.35,0.37,?,0.0,2023
Bedrijventerrein Voorst-C,?,0.0,0.0,?,1.35,0.37,?,0.0,2023
Bedrijventerrein Voorst-D,?,0.0,0.0,?,1.35,0.37,?,0.0,2023
Frankhuis,53,5.9,1.3,3,1.35,0.37,348,0.0,2023
Mastenbroek,1,0.1,0.0,0.1,1.35,0.37,?,0.0,2023
Schoonhorst,42,4.0,0.9,2.4,1.35,0.37,75,0.0,2023
Werkeren,41,4.7,1.0,2.3,1.35,0.37,199,0.0,2023
Milligen,59,6.7,1.5,3.3,1.35,0.37,258,0.0,2023
Tippe bij de IJssel,?,0.0,0.0,?,1.35,0.37,?,0.0,2023
Breecamp,1,3.1,0.7,0,1.35,0.37,424,0.0,2023
Breezicht,0,1.7,0.4,0,1.35,0.37,540,0.0,2023
Stadsbroek,1,0.1,0.0,0.1,1.35,0.37,?,0.0,2023
Holtenbroek IV,40,3.3,0.7,2.2,1.35,0.37,288,0.0,2023
Holtenbroek I,11,1.9,0.4,0.6,1.35,0.37,36,0.0,2023
Holtenbroek II,33,2.3,0.5,1.9,1.35,0.37,14,0.0,2023
Holtenbroek III,27,2.0,0.5,1.5,1.35,0.37,32,0.0,2023
Aa-landen-Zuid,28,2.6,0.6,1.6,1.35,0.37,43,0.0,2023
Aa-landen-Midden,52,3.7,0.8,2.9,1.35,0.37,21,0.0,2023
Aa-landen-Noord,49,3.6,0.8,2.8,1.35,0.37,64,0.0,2023
Aa-landen-Oost,42,3.1,0.7,2.4,1.35,0.37,15,0.0,2023
Brinkhoek,15,1.1,0.2,0.9,1.35,0.37,40,0.0,2023
Langenholte,2,0.2,0.0,0.1,1.35,0.37,?,0.0,2023
Haerst,5,0.4,0.1,0.3,1.35,0.37,15,0.0,2023
Berkum,53,4.0,0.9,3,1.35,0.37,167,0.0,2023
Bedrijventerrein de Vrolijkheid,?,0.0,0.0,?,1.35,0.37,?,0.0,2023
Veldhoek,5,0.4,0.1,0.3,1.35,0.37,23,0.0,2023
Kantorenterrein Oosterenk,4,0.3,0.1,0.2,1.35,0.37,0,0.0,2023
Bedrijventerrein Hessenpoort,1,0.1,0.0,0.1,1.35,0.37,?,0.0,2023
Tolhuislanden,2,0.2,0.0,0.1,1.35,0.37,?,0.0,2023
Herfte,6,0.6,0.1,0.3,1.35,0.37,22,0.0,2023
Bedrijventerrein Marslanden-Zuid,0,0.0,0.0,0,1.35,0.37,?,0.0,2023
Wijthmen,10,0.8,0.2,0.5,1.35,0.37,20,0.0,2023
Oud-Schelle,17,1.4,0.3,0.9,1.35,0.37,44,0.0,2023
Schellerhoek,11,0.9,0.2,0.6,1.35,0.37,26,0.0,2023
Schellerbroek,20,1.5,0.3,1.1,1.35,0.37,42,0.0,2023
Schellerlanden,32,2.6,0.6,1.8,1.35,0.37,72,0.0,2023
Oldenelerlanden-Oost,25,2.2,0.5,1.4,1.35,0.37,40,0.0,2023
Oldenelerlanden-West,16,1.4,0.3,0.9,1.35,0.37,45,0.0,2023
Oldenelerbroek,36,3.2,0.7,2,1.35,0.37,73,0.0,2023
Schelle-Zuid en Oldeneel,3,0.3,0.1,0.2,1.35,0.37,?,0.0,2023
Katerveer-Engelse werk,10,0.8,0.2,0.5,1.35,0.37,22,0.0,2023
Oud-Ittersum,17,1.4,0.3,1,1.35,0.37,46,0.0,2023
Ittersumerlanden,39,3.6,0.8,2.2,1.35,0.37,38,0.0,2023
Ittersumerbroek,25,2.2,0.5,1.4,1.35,0.37,49,0.0,2023
Geren,8,0.8,0.2,0.5,1.35,0.37,5,0.0,2023
Gerenlanden,36,2.9,0.6,2,1.35,0.37,49,0.0,2023
Gerenbroek,31,2.8,0.6,1.8,1.35,0.37,48,0.0,2023
Oude Mars,2,0.3,0.1,0.1,1.35,0.37,?,0.0,2023
Windesheim,5,0.4,0.1,0.3,1.35,0.37,12,0.0,2023
Harculo en Hoog-Zuthem,6,0.5,0.1,0.3,1.35,0.37,10,0.0,2023
